Delivery_ID,DeliveryStartDate,DeliveryStatus,EventTimestamp,DeliveryEndDate,LogisticsPartner_ID,Member_ID
1,2024-12-26,In Delivery,13/06/2024 12:30,,7,5
2,2024-12-05,In Process,13/06/2024 12:30,,7,11
3,2024-12-08,In Delivery,13/06/2024 12:30,,11,5
4,2024-07-25,Complete,13/06/2024 12:30,2024-07-30,7,16
5,2024-02-18,Complete,13/06/2024 12:30,2024-03-05,15,21
6,2024-11-16,In Delivery,13/06/2024 12:30,,7,5
7,2023-10-19,Complete,13/06/2024 12:30,2023-10-29,14,1
8,2024-05-07,Complete,13/06/2024 12:30,2024-05-17,15,37
9,2024-11-27,In Delivery,13/06/2024 12:30,,5,14
10,2024-12-30,In Process,13/06/2024 12:30,,12,36
11,2024-11-14,In Delivery,13/06/2024 12:30,,14,32
12,2024-09-27,Complete,13/06/2024 12:30,2024-10-11,12,16
13,2023-02-21,Complete,13/06/2024 12:30,2023-02-25,12,11
14,2024-12-23,Complete,13/06/2024 12:30,2024-12-31,13,25
15,2024-08-16,Complete,13/06/2024 12:30,2024-08-19,1,24
16,2024-09-01,Complete,13/06/2024 12:30,2024-09-07,14,39
17,2024-12-25,In Process,13/06/2024 12:30,,10,20
18,2024-12-11,In Process,13/06/2024 12:30,,15,40
19,2024-10-22,Complete,13/06/2024 12:30,2024-10-24,4,27
20,2024-02-21,Complete,13/06/2024 12:30,2024-03-06,2,36
21,2024-12-30,In Process,13/06/2024 12:30,,2,17
22,2024-06-01,Complete,13/06/2024 12:30,2024-06-16,14,15
23,2024-12-29,Complete,13/06/2024 12:30,2025-01-13,12,24
24,2024-11-23,Complete,13/06/2024 12:30,2024-12-08,14,16
25,2024-12-29,Complete,13/06/2024 12:30,2025-01-16,4,14
26,2023-08-02,Complete,13/06/2024 12:30,2023-08-09,3,17
27,2024-10-11,Complete,13/06/2024 12:30,2024-10-27,13,27
28,2024-12-29,In Delivery,13/06/2024 12:30,,9,36
29,2024-12-25,In Process,13/06/2024 12:30,,5,14
30,2024-12-08,Complete,13/06/2024 12:30,2024-12-09,14,26
31,2024-12-17,In Delivery,13/06/2024 12:30,,10,7
32,2024-12-31,In Process,13/06/2024 12:30,,9,39
33,2024-12-16,In Delivery,13/06/2024 12:30,,1,19
34,2024-12-19,In Delivery,13/06/2024 12:30,,6,28
35,2024-11-08,In Delivery,13/06/2024 12:30,,1,1
36,2024-03-06,Complete,13/06/2024 12:30,2024-03-07,2,5
37,2024-10-29,Complete,13/06/2024 12:30,2024-11-04,10,26
38,2024-06-08,Complete,13/06/2024 12:30,2024-06-20,10,5
39,2024-11-02,In Process,13/06/2024 12:30,,3,6
40,2024-12-31,In Process,13/06/2024 12:30,,11,16
41,2024-12-26,In Delivery,13/06/2024 12:30,,8,7
42,2024-11-11,Complete,13/06/2024 12:30,2024-11-24,3,11
43,2024-12-28,In Delivery,13/06/2024 12:30,,10,11
44,2024-11-22,Complete,13/06/2024 12:30,2024-12-01,12,18
45,2024-11-19,In Delivery,13/06/2024 12:30,,8,14
46,2024-12-29,Complete,13/06/2024 12:30,2025-01-15,1,21
47,2024-12-22,Complete,13/06/2024 12:30,2025-01-06,6,11
48,2024-12-25,In Delivery,13/06/2024 12:30,,12,38
49,2024-05-19,Complete,13/06/2024 12:30,2024-06-04,12,14
50,2024-12-23,In Delivery,13/06/2024 12:30,,2,40
51,2024-12-22,In Process,13/06/2024 12:30,,2,38
52,2023-11-05,Complete,13/06/2024 12:30,2023-11-10,12,39
53,2024-12-25,In Process,13/06/2024 12:30,,1,39
54,2024-05-24,Complete,13/06/2024 12:30,2024-06-08,8,10
55,2024-07-01,Complete,13/06/2024 12:30,2024-07-13,10,8
56,2024-12-23,In Delivery,13/06/2024 12:30,,7,2
57,2024-12-13,In Delivery,13/06/2024 12:30,,11,1
58,2024-12-10,In Delivery,13/06/2024 12:30,,3,16
59,2024-12-01,In Delivery,13/06/2024 12:30,,14,5
60,2024-12-31,In Delivery,13/06/2024 12:30,,1,18
61,2024-12-04,In Process,13/06/2024 12:30,,1,33
62,2024-12-31,In Process,13/06/2024 12:30,,14,30
63,2024-12-01,In Process,13/06/2024 12:30,,12,32
64,2023-10-25,Complete,13/06/2024 12:30,2023-11-12,9,2
65,2024-12-28,In Process,13/06/2024 12:30,,2,17
66,2024-10-11,Complete,13/06/2024 12:30,2024-10-16,7,29
67,2024-12-25,In Process,13/06/2024 12:30,,14,37
68,2024-08-22,Complete,13/06/2024 12:30,2024-08-29,9,29
69,2023-11-30,Complete,13/06/2024 12:30,2023-12-03,11,32
70,2024-12-31,In Process,13/06/2024 12:30,,3,17
71,2024-06-26,Complete,13/06/2024 12:30,2024-06-30,8,40
72,2024-12-30,In Delivery,13/06/2024 12:30,,4,38
73,2024-12-05,In Delivery,13/06/2024 12:30,,4,38
74,2024-12-19,In Delivery,13/06/2024 12:30,,3,5
75,2023-12-29,Complete,13/06/2024 12:30,2024-01-16,4,17
76,2024-12-27,In Delivery,13/06/2024 12:30,,7,37
77,2024-03-25,Complete,13/06/2024 12:30,2024-04-04,6,37
78,2024-12-30,In Process,13/06/2024 12:30,,7,3
79,2024-12-26,In Delivery,13/06/2024 12:30,,5,13
80,2024-11-26,Complete,13/06/2024 12:30,2024-12-11,11,10
81,2024-12-21,In Process,13/06/2024 12:30,,15,4
82,2024-12-30,In Process,13/06/2024 12:30,,7,6
83,2024-09-16,Complete,13/06/2024 12:30,2024-10-02,11,20
84,2024-01-16,Complete,13/06/2024 12:30,2024-01-30,11,29
85,2024-12-06,In Delivery,13/06/2024 12:30,,5,20
86,2024-12-29,Complete,13/06/2024 12:30,2024-12-30,8,20
87,2024-12-09,In Process,13/06/2024 12:30,,6,27
88,2024-12-26,Complete,13/06/2024 12:30,2025-01-15,7,39
89,2023-12-22,Complete,13/06/2024 12:30,2023-12-27,2,37
90,2023-12-04,Complete,13/06/2024 12:30,2023-12-20,2,40
91,2023-08-12,Complete,13/06/2024 12:30,2023-08-25,13,22
92,2024-07-06,Complete,13/06/2024 12:30,2024-07-12,2,24
93,2024-11-29,In Process,13/06/2024 12:30,,12,31
94,2024-12-26,In Delivery,13/06/2024 12:30,,4,37
95,2024-12-28,In Delivery,13/06/2024 12:30,,15,23
96,2023-06-04,Complete,13/06/2024 12:30,2023-06-09,14,36
97,2024-12-23,In Delivery,13/06/2024 12:30,,2,28
98,2024-11-06,Complete,13/06/2024 12:30,2024-11-17,12,38
99,2024-12-29,In Process,13/06/2024 12:30,,6,1
100,2024-12-19,In Process,13/06/2024 12:30,,11,26
101,2024-11-13,Complete,13/06/2024 12:30,2024-11-27,15,25
102,2024-10-21,Complete,13/06/2024 12:30,2024-10-22,5,4
103,2024-11-13,Complete,13/06/2024 12:30,2024-11-21,13,3
104,2024-12-03,In Delivery,13/06/2024 12:30,,4,7
105,2024-08-12,Complete,13/06/2024 12:30,2024-08-27,3,6
106,2024-06-03,Complete,13/06/2024 12:30,2024-06-10,2,18
107,2024-12-12,Complete,13/06/2024 12:30,2024-12-17,3,15
108,2024-09-27,Complete,13/06/2024 12:30,2024-10-08,14,10
109,2024-08-19,Complete,13/06/2024 12:30,2024-09-02,14,9
110,2024-12-13,Complete,13/06/2024 12:30,2024-12-23,12,18
111,2024-09-23,Complete,13/06/2024 12:30,2024-10-05,3,1
112,2024-11-25,In Process,13/06/2024 12:30,,12,16
113,2024-07-19,Complete,13/06/2024 12:30,2024-07-25,8,21
114,2024-11-11,Complete,13/06/2024 12:30,2024-11-18,10,14
115,2024-09-12,Complete,13/06/2024 12:30,2024-09-28,8,19
116,2024-12-06,In Delivery,13/06/2024 12:30,,15,11
117,2024-12-06,In Process,13/06/2024 12:30,,11,15
118,2024-12-30,In Delivery,13/06/2024 12:30,,6,13
119,2024-11-23,In Process,13/06/2024 12:30,,3,31
120,2024-12-31,In Process,13/06/2024 12:30,,3,40
121,2024-12-10,Complete,13/06/2024 12:30,2024-12-13,11,18
122,2024-05-27,Complete,13/06/2024 12:30,2024-06-03,7,35
123,2024-04-29,Complete,13/06/2024 12:30,2024-05-14,11,2
124,2024-11-23,Complete,13/06/2024 12:30,2024-11-27,9,32
125,2024-12-16,Complete,13/06/2024 12:30,2024-12-19,9,4
126,2024-06-13,Complete,13/06/2024 12:30,2024-06-23,12,14
127,2024-12-23,In Delivery,13/06/2024 12:30,,8,39
128,2024-09-10,Complete,13/06/2024 12:30,2024-09-26,2,9
129,2023-06-30,Complete,13/06/2024 12:30,2023-07-01,7,13
130,2024-11-19,Complete,13/06/2024 12:30,2024-11-28,7,5
131,2024-12-21,In Delivery,13/06/2024 12:30,,9,30
132,2023-10-26,Complete,13/06/2024 12:30,2023-11-06,8,26
133,2024-12-22,In Process,13/06/2024 12:30,,2,22
134,2024-12-21,In Process,13/06/2024 12:30,,14,29
135,2024-12-24,In Process,13/06/2024 12:30,,13,19
136,2024-12-17,In Delivery,13/06/2024 12:30,,9,34
137,2024-12-24,In Process,13/06/2024 12:30,,15,27
138,2023-10-25,Complete,13/06/2024 12:30,2023-11-05,12,26
139,2023-10-09,Complete,13/06/2024 12:30,2023-10-19,15,4
140,2024-12-04,In Delivery,13/06/2024 12:30,,12,4
141,2024-07-12,Complete,13/06/2024 12:30,2024-07-31,3,7
142,2023-10-22,Complete,13/06/2024 12:30,2023-10-31,1,31
143,2024-01-18,Complete,13/06/2024 12:30,2024-01-22,10,35
144,2024-12-09,In Delivery,13/06/2024 12:30,,14,18
145,2024-12-05,In Delivery,13/06/2024 12:30,,10,16
146,2024-04-01,Complete,13/06/2024 12:30,2024-04-19,5,39
147,2024-12-30,In Delivery,13/06/2024 12:30,,3,35
148,2024-05-01,Complete,13/06/2024 12:30,2024-05-16,9,24
149,2024-05-11,Complete,13/06/2024 12:30,2024-05-27,9,14
150,2024-05-09,Complete,13/06/2024 12:30,2024-05-21,4,20
151,2024-11-09,Complete,13/06/2024 12:30,2024-11-12,8,11
152,2024-10-17,Complete,13/06/2024 12:30,2024-11-04,10,1
153,2024-12-16,In Delivery,13/06/2024 12:30,,2,28
154,2024-09-06,Complete,13/06/2024 12:30,2024-09-09,8,34
155,2024-12-28,In Delivery,13/06/2024 12:30,,15,16
156,2024-12-10,In Process,13/06/2024 12:30,,14,33
157,2024-03-06,Complete,13/06/2024 12:30,2024-03-11,8,28
158,2024-09-12,Complete,13/06/2024 12:30,2024-09-17,14,36
159,2024-10-14,Complete,13/06/2024 12:30,2024-11-02,12,3
160,2024-12-09,In Delivery,13/06/2024 12:30,,10,33
161,2024-12-29,In Process,13/06/2024 12:30,,6,12
162,2024-12-29,In Delivery,13/06/2024 12:30,,4,2
163,2024-11-27,In Delivery,13/06/2024 12:30,,7,23
164,2024-12-25,In Delivery,13/06/2024 12:30,,9,7
165,2023-05-25,Complete,13/06/2024 12:30,2023-06-08,8,35
166,2024-12-05,In Process,13/06/2024 12:30,,7,12
167,2023-09-12,Complete,13/06/2024 12:30,2023-09-15,1,16
168,2024-11-24,In Process,13/06/2024 12:30,,11,23
169,2024-12-17,In Process,13/06/2024 12:30,,15,16
170,2024-12-23,In Delivery,13/06/2024 12:30,,5,1
171,2024-03-04,Complete,13/06/2024 12:30,2024-03-22,14,25
172,2024-09-01,Complete,13/06/2024 12:30,2024-09-18,10,27
173,2024-12-26,In Process,13/06/2024 12:30,,1,2
174,2024-01-23,Complete,13/06/2024 12:30,2024-02-10,7,28
175,2024-12-09,In Process,13/06/2024 12:30,,13,30
176,2024-05-27,Complete,13/06/2024 12:30,2024-05-29,12,6
177,2024-12-27,In Process,13/06/2024 12:30,,5,22
178,2024-12-31,In Process,13/06/2024 12:30,,5,26
179,2023-04-24,Complete,13/06/2024 12:30,2023-04-27,12,5
180,2024-12-22,In Process,13/06/2024 12:30,,5,1
181,2024-12-20,In Delivery,13/06/2024 12:30,,7,20
182,2023-05-28,Complete,13/06/2024 12:30,2023-06-18,4,28
183,2024-12-05,In Process,13/06/2024 12:30,,8,40
184,2023-10-01,Complete,13/06/2024 12:30,2023-10-20,10,1
185,2024-12-25,In Delivery,13/06/2024 12:30,,7,21
186,2024-12-31,Complete,13/06/2024 12:30,2025-01-10,2,9
187,2024-03-07,Complete,13/06/2024 12:30,2024-03-20,12,27
188,2024-12-20,In Delivery,13/06/2024 12:30,,14,35
189,2024-11-11,In Process,13/06/2024 12:30,,13,27
190,2024-10-08,Complete,13/06/2024 12:30,2024-10-10,13,16
191,2024-12-03,In Process,13/06/2024 12:30,,5,40
192,2024-12-12,In Delivery,13/06/2024 12:30,,4,40
193,2024-12-31,In Process,13/06/2024 12:30,,6,25
194,2024-12-20,In Process,13/06/2024 12:30,,11,33
195,2024-12-27,In Process,13/06/2024 12:30,,10,9
196,2024-12-24,In Process,13/06/2024 12:30,,4,28
197,2024-11-14,In Delivery,13/06/2024 12:30,,1,11
198,2024-12-12,In Delivery,13/06/2024 12:30,,9,9
199,2024-12-08,In Delivery,13/06/2024 12:30,,3,27
200,2024-03-09,Complete,13/06/2024 12:30,2024-03-18,15,23
201,2024-12-28,In Delivery,13/06/2024 12:30,,13,21
202,2024-12-28,In Process,13/06/2024 12:30,,8,7
203,2024-12-15,In Delivery,13/06/2024 12:30,,10,38
204,2023-12-23,Complete,13/06/2024 12:30,2024-01-06,11,22
205,2024-02-26,Complete,13/06/2024 12:30,2024-03-07,2,19
206,2024-10-17,Complete,13/06/2024 12:30,2024-10-29,1,7
207,2024-06-22,Complete,13/06/2024 12:30,2024-07-07,12,26
208,2024-07-14,Complete,13/06/2024 12:30,2024-07-15,12,21
209,2024-12-23,In Process,13/06/2024 12:30,,12,36
210,2024-12-22,Complete,13/06/2024 12:30,2025-01-10,1,16
211,2024-12-09,In Process,13/06/2024 12:30,,6,19
212,2024-12-07,In Delivery,13/06/2024 12:30,,15,10
213,2024-09-20,Complete,13/06/2024 12:30,2024-10-06,13,9
214,2024-11-28,In Process,13/06/2024 12:30,,4,29
215,2024-12-26,In Delivery,13/06/2024 12:30,,8,35
216,2024-12-26,In Process,13/06/2024 12:30,,7,9
217,2024-08-27,Complete,13/06/2024 12:30,2024-09-15,4,18
218,2024-02-01,Complete,13/06/2024 12:30,2024-02-03,3,37
219,2024-12-31,In Delivery,13/06/2024 12:30,,7,4
220,2024-12-18,In Delivery,13/06/2024 12:30,,1,28
221,2024-12-31,Complete,13/06/2024 12:30,2025-01-13,2,3
222,2024-11-30,In Delivery,13/06/2024 12:30,,15,34
223,2024-05-21,Complete,13/06/2024 12:30,2024-06-07,8,3
224,2024-12-27,Complete,13/06/2024 12:30,2025-01-06,15,11
225,2024-12-05,In Delivery,13/06/2024 12:30,,6,34
226,2024-12-27,In Process,13/06/2024 12:30,,1,39
227,2024-10-31,Complete,13/06/2024 12:30,2024-11-06,5,17
228,2024-12-10,In Delivery,13/06/2024 12:30,,1,19
229,2024-09-08,Complete,13/06/2024 12:30,2024-09-11,6,21
230,2024-12-04,Complete,13/06/2024 12:30,2024-12-08,7,9
231,2024-10-24,Complete,13/06/2024 12:30,2024-11-01,12,13
232,2024-12-31,In Process,13/06/2024 12:30,,5,10
233,2024-02-23,Complete,13/06/2024 12:30,2024-02-24,14,32
234,2024-12-29,In Delivery,13/06/2024 12:30,,13,38
235,2024-12-26,In Process,13/06/2024 12:30,,4,2
236,2024-12-25,Complete,13/06/2024 12:30,2025-01-12,7,24
237,2024-11-26,Complete,13/06/2024 12:30,2024-12-04,14,15
238,2024-12-10,Complete,13/06/2024 12:30,2024-12-26,5,31
239,2024-12-28,In Process,13/06/2024 12:30,,13,36
240,2024-11-15,In Delivery,13/06/2024 12:30,,10,18
241,2024-12-09,In Delivery,13/06/2024 12:30,,3,10
242,2024-12-10,In Delivery,13/06/2024 12:30,,13,33
243,2024-06-03,Complete,13/06/2024 12:30,2024-06-20,14,33
244,2024-12-22,In Delivery,13/06/2024 12:30,,2,29
245,2024-08-14,Complete,13/06/2024 12:30,2024-08-20,8,33
246,2023-11-23,Complete,13/06/2024 12:30,2023-12-11,1,40
247,2024-12-15,In Delivery,13/06/2024 12:30,,1,40
248,2024-05-15,Complete,13/06/2024 12:30,2024-05-26,14,4
249,2024-12-18,In Delivery,13/06/2024 12:30,,9,11
250,2024-12-09,In Process,13/06/2024 12:30,,4,19
251,2024-05-22,Complete,13/06/2024 12:30,2024-06-08,4,27
252,2024-09-11,Complete,13/06/2024 12:30,2024-09-19,5,36
253,2023-06-09,Complete,13/06/2024 12:30,2023-06-21,15,11
254,2024-10-11,Complete,13/06/2024 12:30,2024-10-30,11,4
255,2024-01-26,Complete,13/06/2024 12:30,2024-02-11,2,21
256,2024-12-06,In Delivery,13/06/2024 12:30,,2,20
257,2024-12-21,In Delivery,13/06/2024 12:30,,5,18
258,2024-11-29,Complete,13/06/2024 12:30,2024-12-05,6,31
259,2024-12-31,In Process,13/06/2024 12:30,,14,20
260,2024-11-21,Complete,13/06/2024 12:30,2024-12-10,2,6
261,2024-09-30,Complete,13/06/2024 12:30,2024-10-02,7,26
262,2023-08-11,Complete,13/06/2024 12:30,2023-08-19,2,40
263,2024-12-27,In Process,13/06/2024 12:30,,4,2
264,2024-12-24,In Process,13/06/2024 12:30,,15,29
265,2024-12-31,In Delivery,13/06/2024 12:30,,2,25
266,2024-12-07,In Process,13/06/2024 12:30,,4,12
267,2024-12-27,In Delivery,13/06/2024 12:30,,11,34
268,2024-11-03,Complete,13/06/2024 12:30,2024-11-09,11,38
269,2024-04-13,Complete,13/06/2024 12:30,2024-04-20,7,32
270,2023-07-24,Complete,13/06/2024 12:30,2023-08-06,10,3
271,2024-12-18,In Delivery,13/06/2024 12:30,,8,6
272,2024-11-08,Complete,13/06/2024 12:30,2024-11-13,4,27
273,2024-07-05,Complete,13/06/2024 12:30,2024-07-11,14,22
274,2024-11-15,In Process,13/06/2024 12:30,,6,9
275,2024-12-05,In Delivery,13/06/2024 12:30,,6,35
276,2024-12-31,In Delivery,13/06/2024 12:30,,13,34
277,2024-12-20,In Delivery,13/06/2024 12:30,,3,16
278,2024-12-31,In Delivery,13/06/2024 12:30,,13,24
279,2024-11-27,In Delivery,13/06/2024 12:30,,14,9
280,2024-05-02,Complete,13/06/2024 12:30,2024-05-07,5,25
281,2024-12-31,In Delivery,13/06/2024 12:30,,2,20
282,2024-12-31,Complete,13/06/2024 12:30,2025-01-01,14,29
283,2024-12-16,In Delivery,13/06/2024 12:30,,1,27
284,2024-12-16,In Process,13/06/2024 12:30,,6,23
285,2024-12-31,In Delivery,13/06/2024 12:30,,5,40
286,2024-12-31,In Delivery,13/06/2024 12:30,,8,14
287,2024-12-17,In Delivery,13/06/2024 12:30,,15,32
288,2024-12-22,In Delivery,13/06/2024 12:30,,9,13
289,2024-12-16,In Delivery,13/06/2024 12:30,,1,31
290,2024-12-20,Complete,13/06/2024 12:30,2025-01-09,6,36
291,2024-12-22,Complete,13/06/2024 12:30,2024-12-31,13,40
292,2024-12-01,Complete,13/06/2024 12:30,2024-12-15,6,29
293,2024-09-11,Complete,13/06/2024 12:30,2024-09-29,12,21
294,2024-02-26,Complete,13/06/2024 12:30,2024-03-17,5,23
295,2024-12-28,In Process,13/06/2024 12:30,,6,10
296,2024-12-31,In Process,13/06/2024 12:30,,2,21
297,2024-11-29,In Process,13/06/2024 12:30,,3,17
298,2023-06-03,Complete,13/06/2024 12:30,2023-06-14,1,33
299,2023-12-28,Complete,13/06/2024 12:30,2024-01-06,1,31
300,2024-12-11,Complete,13/06/2024 12:30,2024-12-25,3,13
301,2024-12-31,In Delivery,13/06/2024 12:30,,14,14
302,2024-01-11,Complete,13/06/2024 12:30,2024-01-27,14,33
303,2024-12-31,In Process,13/06/2024 12:30,,3,32
304,2024-09-14,Complete,13/06/2024 12:30,2024-09-26,10,22
305,2024-11-13,In Process,13/06/2024 12:30,,6,9
306,2024-12-08,Complete,13/06/2024 12:30,2024-12-21,11,16
307,2024-03-11,Complete,13/06/2024 12:30,2024-03-25,13,11
308,2024-12-29,In Delivery,13/06/2024 12:30,,10,18
309,2024-12-25,In Process,13/06/2024 12:30,,15,37
310,2024-12-01,In Process,13/06/2024 12:30,,4,8
311,2024-11-22,Complete,13/06/2024 12:30,2024-11-29,11,20
312,2024-07-04,Complete,13/06/2024 12:30,2024-07-21,3,27
313,2024-12-26,In Delivery,13/06/2024 12:30,,3,20
314,2024-02-22,Complete,13/06/2024 12:30,2024-03-14,9,30
315,2024-09-07,Complete,13/06/2024 12:30,2024-09-12,2,6
316,2024-04-30,Complete,13/06/2024 12:30,2024-05-01,8,22
317,2024-04-11,Complete,13/06/2024 12:30,2024-04-24,4,40
318,2024-12-29,In Process,13/06/2024 12:30,,3,17
319,2024-07-01,Complete,13/06/2024 12:30,2024-07-09,2,28
320,2024-12-26,In Delivery,13/06/2024 12:30,,14,38
321,2024-09-06,Complete,13/06/2024 12:30,2024-09-12,8,2
322,2024-12-15,In Process,13/06/2024 12:30,,4,22
323,2024-05-14,Complete,13/06/2024 12:30,2024-05-21,3,30
324,2024-11-18,In Process,13/06/2024 12:30,,15,4
325,2024-12-14,In Delivery,13/06/2024 12:30,,14,5
326,2023-07-28,Complete,13/06/2024 12:30,2023-07-29,10,15
327,2024-12-12,In Delivery,13/06/2024 12:30,,9,25
328,2024-09-20,Complete,13/06/2024 12:30,2024-10-08,9,34
329,2023-08-09,Complete,13/06/2024 12:30,2023-08-15,3,16
330,2024-03-06,Complete,13/06/2024 12:30,2024-03-19,12,26
331,2024-12-22,Complete,13/06/2024 12:30,2025-01-12,6,10
332,2024-11-27,In Process,13/06/2024 12:30,,5,5
333,2024-12-27,In Process,13/06/2024 12:30,,11,7
334,2024-12-14,In Delivery,13/06/2024 12:30,,3,2
335,2024-12-25,In Delivery,13/06/2024 12:30,,13,22
336,2024-07-22,Complete,13/06/2024 12:30,2024-08-10,8,19
337,2024-06-19,Complete,13/06/2024 12:30,2024-06-23,8,25
338,2024-11-05,Complete,13/06/2024 12:30,2024-11-26,2,1
339,2023-12-05,Complete,13/06/2024 12:30,2023-12-26,4,19
340,2023-09-20,Complete,13/06/2024 12:30,2023-10-01,6,30
341,2024-10-29,Complete,13/06/2024 12:30,2024-11-08,9,37
342,2024-05-19,Complete,13/06/2024 12:30,2024-06-05,15,10
343,2024-11-05,Complete,13/06/2024 12:30,2024-11-07,9,9
344,2024-12-19,In Delivery,13/06/2024 12:30,,11,2
345,2024-12-23,Complete,13/06/2024 12:30,2025-01-10,8,24
346,2024-12-30,Complete,13/06/2024 12:30,2025-01-16,12,13
347,2024-12-22,In Delivery,13/06/2024 12:30,,7,20
348,2024-12-05,In Delivery,13/06/2024 12:30,,13,5
349,2024-12-24,In Process,13/06/2024 12:30,,9,20
350,2024-12-10,In Process,13/06/2024 12:30,,3,9
351,2024-12-08,Complete,13/06/2024 12:30,2024-12-21,1,16
352,2024-12-31,In Delivery,13/06/2024 12:30,,6,21
353,2024-12-22,In Delivery,13/06/2024 12:30,,5,39
354,2024-08-23,Complete,13/06/2024 12:30,2024-08-29,15,40
355,2024-07-11,Complete,13/06/2024 12:30,2024-07-20,12,26
356,2024-12-23,Complete,13/06/2024 12:30,2024-12-31,8,12
357,2024-12-18,Complete,13/06/2024 12:30,2024-12-22,7,28
358,2024-12-27,In Delivery,13/06/2024 12:30,,3,17
359,2024-10-03,Complete,13/06/2024 12:30,2024-10-21,1,26
360,2024-07-05,Complete,13/06/2024 12:30,2024-07-15,8,10
361,2024-12-27,Complete,13/06/2024 12:30,2024-12-29,14,26
362,2024-12-25,In Process,13/06/2024 12:30,,4,39
363,2024-12-22,In Process,13/06/2024 12:30,,10,18
364,2024-12-23,Complete,13/06/2024 12:30,2025-01-10,12,31
365,2024-10-05,Complete,13/06/2024 12:30,2024-10-25,14,1
366,2024-12-20,In Delivery,13/06/2024 12:30,,6,9
367,2024-12-20,In Delivery,13/06/2024 12:30,,14,22
368,2024-12-08,In Delivery,13/06/2024 12:30,,9,10
369,2024-08-31,Complete,13/06/2024 12:30,2024-09-18,8,24
370,2024-12-18,In Delivery,13/06/2024 12:30,,7,21
371,2024-12-13,In Process,13/06/2024 12:30,,2,4
372,2024-07-18,Complete,13/06/2024 12:30,2024-07-30,1,28
373,2024-12-25,In Process,13/06/2024 12:30,,5,15
374,2024-09-03,Complete,13/06/2024 12:30,2024-09-24,3,33
375,2024-12-30,In Delivery,13/06/2024 12:30,,1,29
376,2024-12-30,In Process,13/06/2024 12:30,,4,4
377,2024-12-10,In Delivery,13/06/2024 12:30,,14,21
378,2024-06-07,Complete,13/06/2024 12:30,2024-06-13,10,18
379,2024-11-28,In Delivery,13/06/2024 12:30,,9,38
380,2024-08-22,Complete,13/06/2024 12:30,2024-08-27,4,17
381,2024-12-28,In Delivery,13/06/2024 12:30,,2,1
382,2024-12-12,In Delivery,13/06/2024 12:30,,8,25
383,2023-11-03,Complete,13/06/2024 12:30,2023-11-12,14,25
384,2024-02-02,Complete,13/06/2024 12:30,2024-02-05,12,38
385,2024-12-20,In Process,13/06/2024 12:30,,6,17
386,2024-12-22,In Process,13/06/2024 12:30,,9,39
387,2024-03-14,Complete,13/06/2024 12:30,2024-04-01,3,2
388,2023-07-28,Complete,13/06/2024 12:30,2023-08-05,14,33
389,2024-12-28,In Process,13/06/2024 12:30,,6,15
390,2024-12-12,In Process,13/06/2024 12:30,,5,15
391,2024-12-23,In Delivery,13/06/2024 12:30,,2,11
392,2024-12-20,In Delivery,13/06/2024 12:30,,11,34
393,2024-09-14,Complete,13/06/2024 12:30,2024-10-02,14,34
394,2024-04-22,Complete,13/06/2024 12:30,2024-05-04,2,17
395,2024-03-16,Complete,13/06/2024 12:30,2024-03-25,2,27
396,2024-12-15,In Process,13/06/2024 12:30,,5,24
397,2024-02-13,Complete,13/06/2024 12:30,2024-03-01,11,13
398,2024-11-25,In Delivery,13/06/2024 12:30,,10,20
399,2024-02-28,Complete,13/06/2024 12:30,2024-03-05,14,23
400,2024-12-21,Complete,13/06/2024 12:30,2024-12-24,10,10
401,2024-06-23,Complete,13/06/2024 12:30,2024-07-08,7,25
402,2024-12-17,In Delivery,13/06/2024 12:30,,2,19
403,2024-12-20,Complete,13/06/2024 12:30,2025-01-09,3,32
404,2024-06-09,Complete,13/06/2024 12:30,2024-06-27,9,37
405,2024-08-18,Complete,13/06/2024 12:30,2024-09-02,6,24
406,2024-05-30,Complete,13/06/2024 12:30,2024-06-05,14,29
407,2024-12-04,In Process,13/06/2024 12:30,,13,15
408,2024-11-03,In Process,13/06/2024 12:30,,5,3
409,2024-06-22,Complete,13/06/2024 12:30,2024-06-28,5,27
410,2024-01-05,Complete,13/06/2024 12:30,2024-01-10,4,18
411,2023-08-03,Complete,13/06/2024 12:30,2023-08-20,4,3
412,2024-12-26,In Process,13/06/2024 12:30,,13,29
413,2024-12-30,Complete,13/06/2024 12:30,2025-01-16,1,24
414,2024-05-12,Complete,13/06/2024 12:30,2024-06-01,5,25
415,2024-12-29,In Process,13/06/2024 12:30,,6,27
416,2024-12-17,In Delivery,13/06/2024 12:30,,8,30
417,2024-12-15,Complete,13/06/2024 12:30,2024-12-31,4,25
418,2024-11-26,In Delivery,13/06/2024 12:30,,2,8
419,2024-12-31,In Delivery,13/06/2024 12:30,,12,6
420,2024-12-30,In Delivery,13/06/2024 12:30,,7,6
421,2024-11-06,Complete,13/06/2024 12:30,2024-11-10,8,7
422,2023-06-16,Complete,13/06/2024 12:30,2023-07-02,12,21
423,2024-12-07,In Process,13/06/2024 12:30,,13,4
424,2024-11-24,In Delivery,13/06/2024 12:30,,13,21
425,2024-12-26,In Process,13/06/2024 12:30,,11,32
426,2024-12-30,In Process,13/06/2024 12:30,,5,21
427,2024-12-30,In Delivery,13/06/2024 12:30,,3,39
428,2024-12-29,In Delivery,13/06/2024 12:30,,13,1
429,2023-12-31,Complete,13/06/2024 12:30,2024-01-01,6,35
430,2024-11-22,In Delivery,13/06/2024 12:30,,12,29
431,2024-12-31,In Delivery,13/06/2024 12:30,,11,33
432,2024-07-15,Complete,13/06/2024 12:30,2024-08-02,15,10
433,2024-12-28,In Process,13/06/2024 12:30,,15,25
434,2024-12-15,In Process,13/06/2024 12:30,,8,39
435,2024-12-30,In Delivery,13/06/2024 12:30,,11,1
436,2024-12-31,In Process,13/06/2024 12:30,,12,25
437,2024-12-22,In Process,13/06/2024 12:30,,9,27
438,2023-09-03,Complete,13/06/2024 12:30,2023-09-18,14,22
439,2024-11-29,In Delivery,13/06/2024 12:30,,9,6
440,2024-11-27,In Delivery,13/06/2024 12:30,,4,24
441,2024-12-29,In Process,13/06/2024 12:30,,5,37
442,2024-12-31,In Delivery,13/06/2024 12:30,,3,11
443,2024-09-01,Complete,13/06/2024 12:30,2024-09-07,2,14
444,2024-12-17,In Delivery,13/06/2024 12:30,,15,14
445,2024-11-19,In Process,13/06/2024 12:30,,11,15
446,2024-12-31,In Delivery,13/06/2024 12:30,,2,22
447,2023-11-21,Complete,13/06/2024 12:30,2023-12-10,5,14
448,2024-12-24,In Process,13/06/2024 12:30,,5,17
449,2024-12-25,Complete,13/06/2024 12:30,2024-12-28,8,26
450,2024-12-17,Complete,13/06/2024 12:30,2024-12-22,6,3
451,2024-12-23,In Process,13/06/2024 12:30,,11,17
452,2024-11-29,In Delivery,13/06/2024 12:30,,1,24
453,2024-11-03,Complete,13/06/2024 12:30,2024-11-15,13,7
454,2024-12-18,In Delivery,13/06/2024 12:30,,15,36
455,2024-09-10,Complete,13/06/2024 12:30,2024-09-14,11,35
456,2024-12-06,In Process,13/06/2024 12:30,,1,40
457,2024-12-30,In Delivery,13/06/2024 12:30,,14,38
458,2024-12-30,In Delivery,13/06/2024 12:30,,3,30
459,2024-12-31,In Process,13/06/2024 12:30,,9,3
460,2024-12-05,In Process,13/06/2024 12:30,,14,19
461,2024-11-08,Complete,13/06/2024 12:30,2024-11-25,3,22
462,2024-12-06,In Delivery,13/06/2024 12:30,,6,23
463,2024-12-25,In Process,13/06/2024 12:30,,14,8
464,2024-12-17,In Process,13/06/2024 12:30,,6,20
465,2024-12-10,Complete,13/06/2024 12:30,2024-12-31,13,20
466,2024-12-30,In Delivery,13/06/2024 12:30,,8,34
467,2024-12-31,In Delivery,13/06/2024 12:30,,14,33
468,2024-10-03,Complete,13/06/2024 12:30,2024-10-10,13,11
469,2024-12-14,In Delivery,13/06/2024 12:30,,3,2
470,2024-12-27,In Delivery,13/06/2024 12:30,,10,14
471,2024-05-23,Complete,13/06/2024 12:30,2024-05-26,5,24
472,2024-10-01,Complete,13/06/2024 12:30,2024-10-15,6,8
473,2024-08-25,Complete,13/06/2024 12:30,2024-09-14,3,1
474,2024-11-27,In Delivery,13/06/2024 12:30,,6,1
475,2024-12-08,In Delivery,13/06/2024 12:30,,3,24
476,2024-10-09,Complete,13/06/2024 12:30,2024-10-13,3,37
477,2024-12-31,In Process,13/06/2024 12:30,,4,20
478,2023-08-18,Complete,13/06/2024 12:30,2023-09-01,11,30
479,2024-12-18,In Process,13/06/2024 12:30,,10,28
480,2024-12-20,In Delivery,13/06/2024 12:30,,7,7
481,2024-12-18,Complete,13/06/2024 12:30,2024-12-30,8,18
482,2024-09-13,Complete,13/06/2024 12:30,2024-09-24,5,12
483,2024-12-23,In Process,13/06/2024 12:30,,1,20
484,2024-12-25,In Process,13/06/2024 12:30,,6,10
485,2023-12-02,Complete,13/06/2024 12:30,2023-12-14,7,31
486,2024-12-29,In Process,13/06/2024 12:30,,4,17
487,2024-09-09,Complete,13/06/2024 12:30,2024-09-26,3,27
488,2024-12-29,In Delivery,13/06/2024 12:30,,10,18
489,2024-09-01,Complete,13/06/2024 12:30,2024-09-09,3,15
490,2024-07-20,Complete,13/06/2024 12:30,2024-08-01,7,10
491,2024-12-27,In Process,13/06/2024 12:30,,6,16
492,2024-03-22,Complete,13/06/2024 12:30,2024-04-02,3,33
493,2024-12-27,In Process,13/06/2024 12:30,,10,8
494,2024-12-31,In Process,13/06/2024 12:30,,15,10
495,2024-12-25,Complete,13/06/2024 12:30,2025-01-13,14,22
496,2024-12-05,In Process,13/06/2024 12:30,,6,29
497,2024-12-25,In Delivery,13/06/2024 12:30,,2,35
498,2024-09-28,Complete,13/06/2024 12:30,2024-10-05,15,12
499,2024-11-14,In Delivery,13/06/2024 12:30,,11,7
500,2024-08-01,Complete,13/06/2024 12:30,2024-08-04,4,24
501,2024-03-14,Complete,13/06/2024 12:30,2024-03-16,10,25
502,2024-12-09,Complete,13/06/2024 12:30,2024-12-28,2,36
503,2024-10-30,Complete,13/06/2024 12:30,2024-11-04,12,40
504,2024-12-19,In Delivery,13/06/2024 12:30,,3,18
505,2024-12-28,Complete,13/06/2024 12:30,2025-01-11,10,26
506,2024-12-10,Complete,13/06/2024 12:30,2024-12-21,1,26
507,2024-12-11,In Delivery,13/06/2024 12:30,,7,2
508,2024-12-13,In Process,13/06/2024 12:30,,2,18
509,2024-05-24,Complete,13/06/2024 12:30,2024-06-01,6,4
510,2024-12-10,In Delivery,13/06/2024 12:30,,14,32
511,2024-12-17,Complete,13/06/2024 12:30,2025-01-01,3,20
512,2024-10-13,Complete,13/06/2024 12:30,2024-10-29,10,7
513,2024-12-26,In Process,13/06/2024 12:30,,4,7
514,2024-10-29,Complete,13/06/2024 12:30,2024-11-16,6,12
515,2024-12-28,Complete,13/06/2024 12:30,2025-01-16,1,21
516,2024-05-25,Complete,13/06/2024 12:30,2024-06-01,9,6
517,2024-12-20,In Delivery,13/06/2024 12:30,,2,18
518,2024-11-08,Complete,13/06/2024 12:30,2024-11-22,11,11
519,2024-08-02,Complete,13/06/2024 12:30,2024-08-14,11,3
520,2024-12-31,In Delivery,13/06/2024 12:30,,7,33
521,2024-12-19,In Process,13/06/2024 12:30,,13,10
522,2024-12-11,In Process,13/06/2024 12:30,,13,28
523,2024-12-26,In Process,13/06/2024 12:30,,14,34
524,2024-08-05,Complete,13/06/2024 12:30,2024-08-08,8,33
525,2024-11-23,Complete,13/06/2024 12:30,2024-12-08,9,13
526,2024-09-18,Complete,13/06/2024 12:30,2024-09-19,13,13
527,2024-11-17,Complete,13/06/2024 12:30,2024-12-04,5,20
528,2024-11-11,Complete,13/06/2024 12:30,2024-11-18,5,29
529,2024-11-27,In Process,13/06/2024 12:30,,9,34
530,2024-12-25,In Delivery,13/06/2024 12:30,,13,20
531,2023-12-17,Complete,13/06/2024 12:30,2024-01-06,6,20
532,2024-12-28,In Delivery,13/06/2024 12:30,,15,30
533,2024-12-27,Complete,13/06/2024 12:30,2024-12-30,6,22
534,2024-12-25,In Process,13/06/2024 12:30,,2,22
535,2024-11-28,In Delivery,13/06/2024 12:30,,8,38
536,2024-04-23,Complete,13/06/2024 12:30,2024-05-11,15,10
537,2024-12-17,In Process,13/06/2024 12:30,,11,26
538,2024-12-28,Complete,13/06/2024 12:30,2025-01-10,3,23
539,2024-12-24,In Process,13/06/2024 12:30,,7,23
540,2024-10-03,Complete,13/06/2024 12:30,2024-10-07,11,36
541,2024-11-05,Complete,13/06/2024 12:30,2024-11-25,13,23
542,2024-12-28,In Process,13/06/2024 12:30,,3,34
543,2023-11-27,Complete,13/06/2024 12:30,2023-12-16,4,29
544,2024-09-13,Complete,13/06/2024 12:30,2024-09-24,14,32
545,2024-12-02,In Delivery,13/06/2024 12:30,,3,20
546,2024-11-11,In Process,13/06/2024 12:30,,13,8
547,2024-11-18,In Delivery,13/06/2024 12:30,,6,11
548,2024-12-16,Complete,13/06/2024 12:30,2024-12-23,9,26
549,2024-10-15,Complete,13/06/2024 12:30,2024-10-23,4,22
550,2024-09-23,Complete,13/06/2024 12:30,2024-10-08,3,10
551,2024-12-10,In Delivery,13/06/2024 12:30,,12,6
552,2023-05-27,Complete,13/06/2024 12:30,2023-06-13,14,40
553,2023-07-24,Complete,13/06/2024 12:30,2023-08-01,15,1
554,2023-09-27,Complete,13/06/2024 12:30,2023-10-04,4,34
555,2024-12-31,In Delivery,13/06/2024 12:30,,14,21
556,2024-12-29,In Process,13/06/2024 12:30,,13,39
557,2024-11-27,In Process,13/06/2024 12:30,,4,29
558,2024-11-14,In Process,13/06/2024 12:30,,8,4
559,2024-12-20,In Process,13/06/2024 12:30,,5,2
560,2023-12-11,Complete,13/06/2024 12:30,2024-01-01,14,4
561,2024-11-24,In Process,13/06/2024 12:30,,10,2
562,2023-10-01,Complete,13/06/2024 12:30,2023-10-15,5,28
563,2024-12-22,In Process,13/06/2024 12:30,,5,29
564,2024-12-27,In Delivery,13/06/2024 12:30,,12,37
565,2024-12-27,In Delivery,13/06/2024 12:30,,8,27
566,2024-11-25,In Process,13/06/2024 12:30,,9,38
567,2024-12-16,In Process,13/06/2024 12:30,,4,26
568,2023-02-26,Complete,13/06/2024 12:30,2023-03-08,11,18
569,2024-12-03,Complete,13/06/2024 12:30,2024-12-07,12,28
570,2024-12-24,Complete,13/06/2024 12:30,2025-01-05,14,6
571,2024-11-10,Complete,13/06/2024 12:30,2024-11-24,1,14
572,2024-12-29,In Process,13/06/2024 12:30,,10,22
573,2024-12-28,Complete,13/06/2024 12:30,2025-01-16,1,2
574,2023-11-30,Complete,13/06/2024 12:30,2023-12-13,8,23
575,2024-12-25,In Delivery,13/06/2024 12:30,,10,10
576,2024-12-11,Complete,13/06/2024 12:30,2024-12-29,6,26
577,2024-12-30,In Delivery,13/06/2024 12:30,,15,19
578,2024-12-27,In Delivery,13/06/2024 12:30,,6,4
579,2024-12-28,In Delivery,13/06/2024 12:30,,9,7
580,2024-10-22,Complete,13/06/2024 12:30,2024-11-08,11,35
581,2024-12-03,Complete,13/06/2024 12:30,2024-12-14,11,21
582,2024-12-25,In Delivery,13/06/2024 12:30,,2,23
583,2024-11-06,Complete,13/06/2024 12:30,2024-11-10,12,30
584,2023-07-04,Complete,13/06/2024 12:30,2023-07-17,6,31
585,2024-05-21,Complete,13/06/2024 12:30,2024-05-30,15,27
586,2023-07-12,Complete,13/06/2024 12:30,2023-07-16,8,35
587,2024-12-21,In Process,13/06/2024 12:30,,4,33
588,2024-12-06,In Delivery,13/06/2024 12:30,,7,34
589,2024-10-18,Complete,13/06/2024 12:30,2024-10-25,2,28
590,2024-12-21,In Process,13/06/2024 12:30,,11,20
591,2024-01-19,Complete,13/06/2024 12:30,2024-02-01,3,31
592,2024-04-30,Complete,13/06/2024 12:30,2024-05-12,8,22
593,2024-12-30,In Process,13/06/2024 12:30,,5,40
594,2024-01-08,Complete,13/06/2024 12:30,2024-01-24,15,21
595,2024-12-27,In Delivery,13/06/2024 12:30,,7,19
596,2024-11-17,In Delivery,13/06/2024 12:30,,15,6
597,2024-03-23,Complete,13/06/2024 12:30,2024-04-10,12,9
598,2024-12-10,In Delivery,13/06/2024 12:30,,9,36
599,2023-08-18,Complete,13/06/2024 12:30,2023-08-21,12,15
600,2024-12-29,In Process,13/06/2024 12:30,,4,30
601,2024-12-11,In Process,13/06/2024 12:30,,11,36
602,2024-12-08,Complete,13/06/2024 12:30,2024-12-09,6,13
603,2024-12-09,In Delivery,13/06/2024 12:30,,4,16
604,2024-12-04,In Process,13/06/2024 12:30,,9,7
605,2024-12-30,In Delivery,13/06/2024 12:30,,2,15
606,2024-06-04,Complete,13/06/2024 12:30,2024-06-24,13,21
607,2024-02-03,Complete,13/06/2024 12:30,2024-02-08,15,10
608,2024-12-24,In Delivery,13/06/2024 12:30,,2,31
609,2024-10-12,Complete,13/06/2024 12:30,2024-10-18,2,21
610,2024-12-19,In Delivery,13/06/2024 12:30,,5,29
611,2024-07-25,Complete,13/06/2024 12:30,2024-08-12,15,2
612,2024-12-07,In Process,13/06/2024 12:30,,15,21
613,2024-12-20,In Process,13/06/2024 12:30,,15,18
614,2024-10-26,Complete,13/06/2024 12:30,2024-11-11,5,11
615,2024-05-29,Complete,13/06/2024 12:30,2024-06-09,6,6
616,2024-08-07,Complete,13/06/2024 12:30,2024-08-10,9,11
617,2024-12-30,In Delivery,13/06/2024 12:30,,2,30
618,2024-10-03,Complete,13/06/2024 12:30,2024-10-21,13,29
619,2024-11-05,In Process,13/06/2024 12:30,,11,33
620,2024-03-30,Complete,13/06/2024 12:30,2024-04-02,14,5
621,2024-05-23,Complete,13/06/2024 12:30,2024-05-30,8,15
622,2024-11-27,In Process,13/06/2024 12:30,,7,4
623,2024-12-13,In Delivery,13/06/2024 12:30,,7,6
624,2024-04-18,Complete,13/06/2024 12:30,2024-05-03,12,14
625,2024-12-18,In Delivery,13/06/2024 12:30,,13,15
626,2023-12-07,Complete,13/06/2024 12:30,2023-12-10,12,31
627,2024-12-25,In Delivery,13/06/2024 12:30,,8,7
628,2024-12-08,In Process,13/06/2024 12:30,,3,36
629,2024-12-19,Complete,13/06/2024 12:30,2025-01-02,8,25
630,2024-12-29,In Delivery,13/06/2024 12:30,,1,25
631,2024-12-25,In Delivery,13/06/2024 12:30,,8,39
632,2024-12-16,In Process,13/06/2024 12:30,,7,15
633,2024-12-18,In Process,13/06/2024 12:30,,1,29
634,2024-07-19,Complete,13/06/2024 12:30,2024-07-31,15,7
635,2024-12-17,In Delivery,13/06/2024 12:30,,11,29
636,2023-03-24,Complete,13/06/2024 12:30,2023-03-25,8,6
637,2024-04-09,Complete,13/06/2024 12:30,2024-04-19,1,5
638,2024-05-17,Complete,13/06/2024 12:30,2024-05-24,2,22
639,2024-12-15,Complete,13/06/2024 12:30,2025-01-04,9,32
640,2024-04-26,Complete,13/06/2024 12:30,2024-05-12,1,29
641,2023-12-09,Complete,13/06/2024 12:30,2023-12-19,5,19
642,2024-02-24,Complete,13/06/2024 12:30,2024-02-29,3,32
643,2024-12-26,In Process,13/06/2024 12:30,,13,35
644,2024-12-21,In Process,13/06/2024 12:30,,13,40
645,2023-12-24,Complete,13/06/2024 12:30,2024-01-03,15,5
646,2024-11-26,In Process,13/06/2024 12:30,,13,6
647,2024-06-13,Complete,13/06/2024 12:30,2024-06-28,5,8
648,2024-11-18,Complete,13/06/2024 12:30,2024-11-26,14,5
649,2024-12-25,In Process,13/06/2024 12:30,,13,13
650,2024-05-16,Complete,13/06/2024 12:30,2024-05-17,2,27
651,2024-09-24,Complete,13/06/2024 12:30,2024-10-09,3,20
652,2024-12-25,In Process,13/06/2024 12:30,,5,13
653,2024-12-02,In Delivery,13/06/2024 12:30,,12,26
654,2024-12-31,In Process,13/06/2024 12:30,,3,8
655,2024-12-05,In Process,13/06/2024 12:30,,14,8
656,2024-12-26,In Delivery,13/06/2024 12:30,,8,7
657,2024-11-23,In Delivery,13/06/2024 12:30,,12,40
658,2024-12-31,In Process,13/06/2024 12:30,,5,17
659,2024-07-07,Complete,13/06/2024 12:30,2024-07-26,5,35
660,2024-08-15,Complete,13/06/2024 12:30,2024-09-04,10,7
661,2024-11-10,Complete,13/06/2024 12:30,2024-11-30,11,27
662,2024-12-16,In Delivery,13/06/2024 12:30,,1,24
663,2024-05-06,Complete,13/06/2024 12:30,2024-05-15,1,26
664,2024-10-21,Complete,13/06/2024 12:30,2024-11-04,11,7
665,2024-12-02,Complete,13/06/2024 12:30,2024-12-05,13,31
666,2024-12-19,Complete,13/06/2024 12:30,2025-01-02,14,18
667,2024-12-30,Complete,13/06/2024 12:30,2025-01-13,5,9
668,2023-08-19,Complete,13/06/2024 12:30,2023-09-09,1,26
669,2024-02-24,Complete,13/06/2024 12:30,2024-03-07,2,16
670,2024-08-13,Complete,13/06/2024 12:30,2024-08-27,7,15
671,2024-10-02,Complete,13/06/2024 12:30,2024-10-11,10,23
672,2024-11-09,Complete,13/06/2024 12:30,2024-11-25,4,26
673,2024-12-11,Complete,13/06/2024 12:30,2024-12-20,5,20
674,2024-12-29,In Delivery,13/06/2024 12:30,,11,21
675,2024-05-19,Complete,13/06/2024 12:30,2024-05-24,15,25
676,2024-12-28,In Delivery,13/06/2024 12:30,,6,2
677,2024-12-13,Complete,13/06/2024 12:30,2024-12-30,14,25
678,2024-08-05,Complete,13/06/2024 12:30,2024-08-12,5,27
679,2024-12-31,In Delivery,13/06/2024 12:30,,11,27
680,2024-12-19,In Process,13/06/2024 12:30,,4,18
681,2024-11-08,Complete,13/06/2024 12:30,2024-11-22,7,35
682,2024-12-17,In Delivery,13/06/2024 12:30,,6,2
683,2024-12-31,Complete,13/06/2024 12:30,2025-01-20,11,33
684,2024-12-12,In Process,13/06/2024 12:30,,1,28
685,2024-10-30,Complete,13/06/2024 12:30,2024-11-15,1,8
686,2024-12-07,Complete,13/06/2024 12:30,2024-12-10,1,13
687,2024-12-25,In Process,13/06/2024 12:30,,9,16
688,2024-03-19,Complete,13/06/2024 12:30,2024-03-25,10,17
689,2024-12-21,In Delivery,13/06/2024 12:30,,12,32
690,2024-02-22,Complete,13/06/2024 12:30,2024-02-27,5,16
691,2024-12-31,In Process,13/06/2024 12:30,,9,32
692,2024-12-24,In Process,13/06/2024 12:30,,8,8
693,2023-09-28,Complete,13/06/2024 12:30,2023-10-03,5,3
694,2024-12-30,In Process,13/06/2024 12:30,,5,28
695,2024-08-01,Complete,13/06/2024 12:30,2024-08-19,9,6
696,2024-12-31,In Delivery,13/06/2024 12:30,,3,40
697,2024-12-31,Complete,13/06/2024 12:30,2025-01-05,3,40
698,2024-03-02,Complete,13/06/2024 12:30,2024-03-22,10,16
699,2024-12-18,In Process,13/06/2024 12:30,,14,34
700,2024-12-07,Complete,13/06/2024 12:30,2024-12-26,12,33
701,2024-04-29,Complete,13/06/2024 12:30,2024-05-12,6,26
702,2024-12-25,In Delivery,13/06/2024 12:30,,8,1
703,2024-12-30,In Delivery,13/06/2024 12:30,,8,9
704,2024-12-27,In Process,13/06/2024 12:30,,13,9
705,2024-12-11,In Process,13/06/2024 12:30,,14,9
706,2024-12-28,In Delivery,13/06/2024 12:30,,9,10
707,2024-12-05,In Process,13/06/2024 12:30,,11,23
708,2024-12-31,In Process,13/06/2024 12:30,,12,2
709,2024-09-25,Complete,13/06/2024 12:30,2024-10-05,8,5
710,2024-12-19,In Process,13/06/2024 12:30,,9,7
711,2024-12-28,Complete,13/06/2024 12:30,2025-01-11,3,22
712,2024-10-21,Complete,13/06/2024 12:30,2024-11-06,13,14
713,2024-02-13,Complete,13/06/2024 12:30,2024-02-18,2,14
714,2024-12-20,In Delivery,13/06/2024 12:30,,13,21
715,2024-12-24,Complete,13/06/2024 12:30,2025-01-06,15,5
716,2024-05-26,Complete,13/06/2024 12:30,2024-06-15,14,25
717,2024-08-29,Complete,13/06/2024 12:30,2024-08-31,3,8
718,2024-04-06,Complete,13/06/2024 12:30,2024-04-07,4,15
719,2024-02-28,Complete,13/06/2024 12:30,2024-03-10,6,22
720,2024-12-15,In Delivery,13/06/2024 12:30,,13,38
721,2024-12-31,In Delivery,13/06/2024 12:30,,6,6
722,2024-12-06,In Delivery,13/06/2024 12:30,,7,40
723,2024-12-24,In Delivery,13/06/2024 12:30,,15,33
724,2024-10-18,Complete,13/06/2024 12:30,2024-11-04,3,38
725,2024-12-26,In Delivery,13/06/2024 12:30,,15,1
726,2023-10-20,Complete,13/06/2024 12:30,2023-11-10,14,13
727,2024-11-24,In Process,13/06/2024 12:30,,7,38
728,2024-11-07,In Delivery,13/06/2024 12:30,,6,11
729,2024-11-16,In Delivery,13/06/2024 12:30,,14,25
730,2024-12-10,In Delivery,13/06/2024 12:30,,8,11
731,2024-04-22,Complete,13/06/2024 12:30,2024-05-09,14,40
732,2023-09-03,Complete,13/06/2024 12:30,2023-09-19,15,21
733,2024-02-16,Complete,13/06/2024 12:30,2024-02-28,9,14
734,2024-10-15,Complete,13/06/2024 12:30,2024-10-24,6,38
735,2024-11-04,In Delivery,13/06/2024 12:30,,9,6
736,2024-12-29,In Process,13/06/2024 12:30,,3,4
737,2024-11-18,In Delivery,13/06/2024 12:30,,14,23
738,2024-12-23,In Process,13/06/2024 12:30,,2,16
739,2024-09-07,Complete,13/06/2024 12:30,2024-09-16,7,26
740,2024-12-09,In Delivery,13/06/2024 12:30,,8,29
741,2024-12-23,In Delivery,13/06/2024 12:30,,15,3
742,2024-12-11,In Delivery,13/06/2024 12:30,,11,4
743,2024-05-09,Complete,13/06/2024 12:30,2024-05-21,11,10
744,2024-08-27,Complete,13/06/2024 12:30,2024-09-09,8,40
745,2024-10-27,Complete,13/06/2024 12:30,2024-11-15,14,20
746,2024-08-25,Complete,13/06/2024 12:30,2024-08-26,2,22
747,2024-07-15,Complete,13/06/2024 12:30,2024-07-17,15,21
748,2024-12-18,In Process,13/06/2024 12:30,,9,25
749,2024-12-15,In Delivery,13/06/2024 12:30,,1,31
750,2023-07-19,Complete,13/06/2024 12:30,2023-08-03,15,7
751,2024-12-25,In Delivery,13/06/2024 12:30,,6,13
752,2024-05-28,Complete,13/06/2024 12:30,2024-06-18,15,2
753,2024-04-23,Complete,13/06/2024 12:30,2024-05-14,11,27
754,2023-10-07,Complete,13/06/2024 12:30,2023-10-10,14,18
755,2024-12-21,In Process,13/06/2024 12:30,,13,2
756,2024-11-03,Complete,13/06/2024 12:30,2024-11-06,14,30
757,2024-08-29,Complete,13/06/2024 12:30,2024-09-18,9,20
758,2024-11-09,In Delivery,13/06/2024 12:30,,4,8
759,2024-12-20,In Process,13/06/2024 12:30,,6,40
760,2024-11-24,In Process,13/06/2024 12:30,,15,26
761,2023-09-08,Complete,13/06/2024 12:30,2023-09-28,14,13
762,2024-12-21,In Process,13/06/2024 12:30,,10,40
763,2024-12-20,In Delivery,13/06/2024 12:30,,10,19
764,2024-08-07,Complete,13/06/2024 12:30,2024-08-24,3,34
765,2024-12-13,In Process,13/06/2024 12:30,,4,2
766,2024-12-28,In Delivery,13/06/2024 12:30,,11,23
767,2024-12-19,In Delivery,13/06/2024 12:30,,13,3
768,2024-03-10,Complete,13/06/2024 12:30,2024-03-20,8,4
769,2024-11-14,In Process,13/06/2024 12:30,,14,6
770,2024-11-21,Complete,13/06/2024 12:30,2024-11-30,3,39
771,2024-01-28,Complete,13/06/2024 12:30,2024-02-14,8,20
772,2024-03-29,Complete,13/06/2024 12:30,2024-04-01,14,17
773,2024-12-14,In Process,13/06/2024 12:30,,1,39
774,2024-11-13,Complete,13/06/2024 12:30,2024-11-20,11,21
775,2024-12-26,In Process,13/06/2024 12:30,,3,11
776,2024-12-16,In Process,13/06/2024 12:30,,9,28
777,2024-12-12,In Process,13/06/2024 12:30,,3,30
778,2024-12-23,Complete,13/06/2024 12:30,2025-01-13,2,24
779,2024-12-31,In Delivery,13/06/2024 12:30,,9,17
780,2024-06-02,Complete,13/06/2024 12:30,2024-06-14,9,12
781,2024-12-31,In Process,13/06/2024 12:30,,15,33
782,2024-11-23,Complete,13/06/2024 12:30,2024-12-08,12,19
783,2024-09-22,Complete,13/06/2024 12:30,2024-10-09,5,25
784,2024-07-10,Complete,13/06/2024 12:30,2024-07-29,15,8
785,2024-03-07,Complete,13/06/2024 12:30,2024-03-10,14,34
786,2024-12-25,Complete,13/06/2024 12:30,2025-01-03,10,9
787,2024-12-23,Complete,13/06/2024 12:30,2024-12-27,4,30
788,2023-12-28,Complete,13/06/2024 12:30,2024-01-18,14,10
789,2024-03-19,Complete,13/06/2024 12:30,2024-03-20,15,10
790,2024-03-12,Complete,13/06/2024 12:30,2024-03-26,4,10
791,2024-12-05,In Delivery,13/06/2024 12:30,,2,32
792,2023-11-22,Complete,13/06/2024 12:30,2023-11-26,5,17
793,2024-12-25,In Process,13/06/2024 12:30,,3,22
794,2024-12-31,Complete,13/06/2024 12:30,2025-01-02,11,9
795,2024-11-25,Complete,13/06/2024 12:30,2024-11-30,4,7
796,2024-12-23,In Delivery,13/06/2024 12:30,,5,35
797,2024-12-04,Complete,13/06/2024 12:30,2024-12-09,7,11
798,2024-02-23,Complete,13/06/2024 12:30,2024-03-06,10,36
799,2024-12-22,In Delivery,13/06/2024 12:30,,9,31
800,2024-09-08,Complete,13/06/2024 12:30,2024-09-09,1,33
801,2024-12-17,In Delivery,13/06/2024 12:30,,11,18
802,2024-11-14,Complete,13/06/2024 12:30,2024-11-29,15,19
803,2024-12-25,In Delivery,13/06/2024 12:30,,9,36
804,2024-11-21,Complete,13/06/2024 12:30,2024-12-09,3,36
805,2024-08-20,Complete,13/06/2024 12:30,2024-09-07,11,9
806,2024-12-30,In Process,13/06/2024 12:30,,14,23
807,2024-09-14,Complete,13/06/2024 12:30,2024-09-22,15,30
808,2024-12-11,Complete,13/06/2024 12:30,2024-12-18,6,5
809,2024-12-21,In Delivery,13/06/2024 12:30,,4,37
810,2024-12-24,In Process,13/06/2024 12:30,,8,38
811,2024-12-18,In Delivery,13/06/2024 12:30,,9,1
812,2024-12-31,In Delivery,13/06/2024 12:30,,14,39
813,2023-02-02,Complete,13/06/2024 12:30,2023-02-16,13,10
814,2023-07-21,Complete,13/06/2024 12:30,2023-07-30,8,17
815,2024-12-20,In Delivery,13/06/2024 12:30,,5,2
816,2024-11-24,Complete,13/06/2024 12:30,2024-11-30,15,11
817,2024-12-26,In Delivery,13/06/2024 12:30,,12,6
818,2024-12-04,In Delivery,13/06/2024 12:30,,12,26
819,2023-09-05,Complete,13/06/2024 12:30,2023-09-21,6,5
820,2024-12-18,In Process,13/06/2024 12:30,,1,8
821,2024-12-28,In Process,13/06/2024 12:30,,5,31
822,2024-06-07,Complete,13/06/2024 12:30,2024-06-15,15,40
823,2024-12-30,In Process,13/06/2024 12:30,,7,39
824,2024-12-19,In Process,13/06/2024 12:30,,11,32
825,2023-08-30,Complete,13/06/2024 12:30,2023-09-01,7,21
826,2024-12-27,In Process,13/06/2024 12:30,,9,10
827,2024-06-04,Complete,13/06/2024 12:30,2024-06-10,4,30
828,2024-03-15,Complete,13/06/2024 12:30,2024-03-23,5,16
829,2024-10-24,Complete,13/06/2024 12:30,2024-11-03,10,39
830,2024-12-03,In Delivery,13/06/2024 12:30,,14,22
831,2024-12-14,In Process,13/06/2024 12:30,,6,39
832,2024-03-20,Complete,13/06/2024 12:30,2024-04-01,11,13
833,2024-11-18,In Process,13/06/2024 12:30,,2,27
834,2024-12-15,In Process,13/06/2024 12:30,,2,15
835,2024-12-28,Complete,13/06/2024 12:30,2025-01-11,1,1
836,2024-12-30,In Delivery,13/06/2024 12:30,,14,11
837,2024-10-04,Complete,13/06/2024 12:30,2024-10-10,15,9
838,2024-11-09,Complete,13/06/2024 12:30,2024-11-11,5,34
839,2023-11-25,Complete,13/06/2024 12:30,2023-12-08,11,26
840,2024-12-28,Complete,13/06/2024 12:30,2025-01-16,13,36
841,2024-01-22,Complete,13/06/2024 12:30,2024-02-09,1,15
842,2024-12-30,In Process,13/06/2024 12:30,,11,30
843,2024-12-10,In Delivery,13/06/2024 12:30,,3,23
844,2024-07-14,Complete,13/06/2024 12:30,2024-07-20,4,8
845,2024-04-19,Complete,13/06/2024 12:30,2024-04-25,1,32
846,2024-11-28,In Process,13/06/2024 12:30,,12,11
847,2024-12-14,Complete,13/06/2024 12:30,2024-12-23,8,25
848,2024-02-24,Complete,13/06/2024 12:30,2024-02-27,12,29
849,2023-02-26,Complete,13/06/2024 12:30,2023-03-04,14,22
850,2024-11-25,In Delivery,13/06/2024 12:30,,9,31
851,2024-12-30,In Delivery,13/06/2024 12:30,,10,6
852,2024-12-28,In Process,13/06/2024 12:30,,2,19
853,2024-11-23,In Process,13/06/2024 12:30,,14,8
854,2024-12-02,In Process,13/06/2024 12:30,,1,18
855,2023-09-16,Complete,13/06/2024 12:30,2023-10-04,9,15
856,2024-12-31,In Delivery,13/06/2024 12:30,,4,23
857,2024-12-14,Complete,13/06/2024 12:30,2024-12-23,6,26
858,2024-10-28,Complete,13/06/2024 12:30,2024-11-13,1,19
859,2024-07-06,Complete,13/06/2024 12:30,2024-07-25,14,33
860,2024-12-27,In Delivery,13/06/2024 12:30,,6,16
861,2024-04-08,Complete,13/06/2024 12:30,2024-04-14,12,1
862,2024-07-21,Complete,13/06/2024 12:30,2024-07-30,15,1
863,2024-12-06,In Delivery,13/06/2024 12:30,,1,2
864,2024-12-30,Complete,13/06/2024 12:30,2025-01-04,1,17
865,2024-02-28,Complete,13/06/2024 12:30,2024-03-18,4,14
866,2024-09-01,Complete,13/06/2024 12:30,2024-09-12,8,10
867,2024-06-21,Complete,13/06/2024 12:30,2024-07-05,14,16
868,2024-11-30,In Delivery,13/06/2024 12:30,,3,25
869,2024-12-19,In Delivery,13/06/2024 12:30,,14,39
870,2024-12-25,In Process,13/06/2024 12:30,,13,18
871,2024-12-29,In Process,13/06/2024 12:30,,11,30
872,2024-12-03,In Process,13/06/2024 12:30,,5,15
873,2023-06-23,Complete,13/06/2024 12:30,2023-06-24,4,26
874,2024-08-12,Complete,13/06/2024 12:30,2024-08-23,15,24
875,2024-12-27,Complete,13/06/2024 12:30,2025-01-14,15,39
876,2024-08-23,Complete,13/06/2024 12:30,2024-09-04,11,1
877,2024-02-19,Complete,13/06/2024 12:30,2024-03-08,9,23
878,2024-02-24,Complete,13/06/2024 12:30,2024-03-03,1,14
879,2024-12-08,In Process,13/06/2024 12:30,,5,35
880,2024-11-25,In Delivery,13/06/2024 12:30,,12,16
881,2024-02-21,Complete,13/06/2024 12:30,2024-03-04,4,12
882,2024-05-25,Complete,13/06/2024 12:30,2024-05-27,12,5
883,2023-10-04,Complete,13/06/2024 12:30,2023-10-21,6,19
884,2024-03-03,Complete,13/06/2024 12:30,2024-03-09,1,30
885,2024-01-26,Complete,13/06/2024 12:30,2024-02-08,15,36
886,2023-07-05,Complete,13/06/2024 12:30,2023-07-13,9,27
887,2024-12-19,In Process,13/06/2024 12:30,,12,1
888,2024-12-31,In Delivery,13/06/2024 12:30,,8,39
889,2024-08-17,Complete,13/06/2024 12:30,2024-08-28,10,10
890,2024-07-16,Complete,13/06/2024 12:30,2024-08-03,12,18
891,2024-12-21,In Delivery,13/06/2024 12:30,,6,39
892,2024-12-28,In Delivery,13/06/2024 12:30,,10,28
893,2024-12-12,Complete,13/06/2024 12:30,2024-12-27,15,10
894,2024-12-28,In Process,13/06/2024 12:30,,14,33
895,2024-12-05,Complete,13/06/2024 12:30,2024-12-23,5,22
896,2024-12-23,Complete,13/06/2024 12:30,2025-01-01,11,24
897,2024-12-25,In Process,13/06/2024 12:30,,9,22
898,2024-12-11,In Delivery,13/06/2024 12:30,,13,9
899,2024-11-29,In Delivery,13/06/2024 12:30,,3,11
900,2024-11-29,In Process,13/06/2024 12:30,,15,28
901,2024-12-18,Complete,13/06/2024 12:30,2024-12-19,13,4
902,2024-12-06,Complete,13/06/2024 12:30,2024-12-19,13,25
903,2023-05-04,Complete,13/06/2024 12:30,2023-05-23,11,24
904,2024-12-19,In Process,13/06/2024 12:30,,7,33
905,2024-08-11,Complete,13/06/2024 12:30,2024-09-01,12,10
906,2024-12-13,In Process,13/06/2024 12:30,,3,32
907,2024-12-19,In Process,13/06/2024 12:30,,14,26
908,2024-09-16,Complete,13/06/2024 12:30,2024-09-30,8,34
909,2024-05-25,Complete,13/06/2024 12:30,2024-06-15,1,34
910,2024-12-28,In Delivery,13/06/2024 12:30,,9,18
911,2024-12-23,In Process,13/06/2024 12:30,,10,17
912,2024-12-07,Complete,13/06/2024 12:30,2024-12-14,2,39
913,2024-11-18,Complete,13/06/2024 12:30,2024-12-04,14,33
914,2024-07-02,Complete,13/06/2024 12:30,2024-07-08,12,39
915,2024-12-01,Complete,13/06/2024 12:30,2024-12-21,3,37
916,2024-11-12,Complete,13/06/2024 12:30,2024-11-19,8,29
917,2023-05-11,Complete,13/06/2024 12:30,2023-05-24,4,36
918,2024-12-31,In Process,13/06/2024 12:30,,2,31
919,2024-12-14,In Delivery,13/06/2024 12:30,,9,28
920,2024-12-04,In Process,13/06/2024 12:30,,8,32
921,2024-11-29,Complete,13/06/2024 12:30,2024-12-10,4,39
922,2024-12-20,In Process,13/06/2024 12:30,,11,26
923,2023-06-18,Complete,13/06/2024 12:30,2023-07-08,10,22
924,2024-12-23,In Delivery,13/06/2024 12:30,,7,15
925,2024-04-16,Complete,13/06/2024 12:30,2024-04-22,11,35
926,2024-04-12,Complete,13/06/2024 12:30,2024-04-27,6,5
927,2024-01-06,Complete,13/06/2024 12:30,2024-01-13,5,11
928,2024-10-19,Complete,13/06/2024 12:30,2024-10-20,1,8
929,2024-12-30,In Process,13/06/2024 12:30,,5,22
930,2024-07-04,Complete,13/06/2024 12:30,2024-07-07,1,34
931,2024-12-16,In Delivery,13/06/2024 12:30,,8,31
932,2024-12-31,In Process,13/06/2024 12:30,,10,5
933,2024-06-24,Complete,13/06/2024 12:30,2024-07-06,4,26
934,2023-10-06,Complete,13/06/2024 12:30,2023-10-08,10,25
935,2024-06-06,Complete,13/06/2024 12:30,2024-06-13,8,19
936,2024-09-25,Complete,13/06/2024 12:30,2024-10-01,14,19
937,2024-08-20,Complete,13/06/2024 12:30,2024-09-01,5,3
938,2024-12-28,In Delivery,13/06/2024 12:30,,2,40
939,2023-12-10,Complete,13/06/2024 12:30,2023-12-15,2,1
940,2024-12-27,Complete,13/06/2024 12:30,2025-01-07,2,38
941,2024-09-02,Complete,13/06/2024 12:30,2024-09-16,4,3
942,2024-12-22,In Process,13/06/2024 12:30,,8,16
943,2024-10-31,Complete,13/06/2024 12:30,2024-11-14,13,13
944,2023-11-25,Complete,13/06/2024 12:30,2023-12-15,8,22
945,2024-12-29,In Process,13/06/2024 12:30,,8,39
946,2024-12-30,In Process,13/06/2024 12:30,,14,20
947,2024-12-23,In Process,13/06/2024 12:30,,2,5
948,2024-03-03,Complete,13/06/2024 12:30,2024-03-06,1,13
949,2024-12-31,In Delivery,13/06/2024 12:30,,2,15
950,2024-12-31,In Process,13/06/2024 12:30,,5,17
951,2024-11-24,Complete,13/06/2024 12:30,2024-12-07,2,3
952,2024-05-17,Complete,13/06/2024 12:30,2024-05-21,9,11
953,2024-11-25,In Process,13/06/2024 12:30,,14,11
954,2024-05-18,Complete,13/06/2024 12:30,2024-05-22,4,13
955,2023-07-12,Complete,13/06/2024 12:30,2023-07-27,10,2
956,2024-11-28,Complete,13/06/2024 12:30,2024-11-29,15,28
957,2024-12-05,In Delivery,13/06/2024 12:30,,15,12
958,2024-01-22,Complete,13/06/2024 12:30,2024-02-02,3,35
959,2023-06-09,Complete,13/06/2024 12:30,2023-06-30,10,2
960,2024-12-18,In Delivery,13/06/2024 12:30,,12,7
961,2024-08-21,Complete,13/06/2024 12:30,2024-08-23,13,39
962,2024-10-15,Complete,13/06/2024 12:30,2024-10-24,14,7
963,2023-07-16,Complete,13/06/2024 12:30,2023-08-05,14,26
964,2024-09-20,Complete,13/06/2024 12:30,2024-09-27,1,31
965,2024-04-15,Complete,13/06/2024 12:30,2024-04-20,15,2
966,2024-12-31,In Delivery,13/06/2024 12:30,,15,22
967,2024-12-28,In Delivery,13/06/2024 12:30,,13,16
968,2024-12-31,In Process,13/06/2024 12:30,,15,20
969,2024-12-24,In Delivery,13/06/2024 12:30,,1,5
970,2024-12-30,In Process,13/06/2024 12:30,,3,40
971,2024-10-11,Complete,13/06/2024 12:30,2024-10-17,6,10
972,2024-10-22,Complete,13/06/2024 12:30,2024-11-07,14,39
973,2024-12-17,In Delivery,13/06/2024 12:30,,8,10
974,2024-12-11,Complete,13/06/2024 12:30,2024-12-13,1,19
975,2024-11-09,In Delivery,13/06/2024 12:30,,1,8
976,2024-07-27,Complete,13/06/2024 12:30,2024-07-30,13,29
977,2024-11-19,Complete,13/06/2024 12:30,2024-11-27,6,8
978,2024-05-19,Complete,13/06/2024 12:30,2024-06-01,14,29
979,2024-03-27,Complete,13/06/2024 12:30,2024-04-09,10,40
980,2024-12-31,In Process,13/06/2024 12:30,,15,35
981,2024-12-20,In Process,13/06/2024 12:30,,8,39
982,2024-12-13,In Delivery,13/06/2024 12:30,,4,9
983,2024-12-25,In Process,13/06/2024 12:30,,14,28
984,2023-07-26,Complete,13/06/2024 12:30,2023-08-14,14,37
985,2024-12-25,In Delivery,13/06/2024 12:30,,11,27
986,2024-12-26,In Process,13/06/2024 12:30,,1,19
987,2024-02-05,Complete,13/06/2024 12:30,2024-02-25,5,29
988,2024-12-18,In Delivery,13/06/2024 12:30,,11,19
989,2024-12-07,In Process,13/06/2024 12:30,,8,27
990,2024-12-22,Complete,13/06/2024 12:30,2025-01-06,2,23
991,2024-12-30,In Delivery,13/06/2024 12:30,,10,35
992,2024-12-30,In Delivery,13/06/2024 12:30,,10,34
993,2024-05-12,Complete,13/06/2024 12:30,2024-05-26,10,22
994,2024-11-16,In Delivery,13/06/2024 12:30,,4,7
995,2024-10-11,Complete,13/06/2024 12:30,2024-10-27,10,36
996,2024-11-08,Complete,13/06/2024 12:30,2024-11-15,2,36
997,2024-12-23,In Process,13/06/2024 12:30,,9,2
998,2024-07-14,Complete,13/06/2024 12:30,2024-07-31,11,23
999,2024-11-30,Complete,13/06/2024 12:30,2024-12-01,14,31
1000,2024-06-11,Complete,13/06/2024 12:30,2024-06-12,7,14
