Units,Order_ID,Product_ID
6,1,53
6,1,344
3,2,280
9,3,382
5,3,242
9,4,478
6,4,329
1,5,63
10,6,95
5,6,319
2,7,18
6,7,122
6,7,396
7,7,31
2,7,386
5,8,51
5,8,330
6,9,127
9,9,83
2,9,52
2,10,313
2,10,213
8,11,8
6,11,49
7,11,271
2,11,168
6,11,149
1,12,215
9,12,320
10,12,490
7,12,147
7,13,69
8,13,430
10,13,293
8,14,101
4,14,284
3,14,417
4,15,81
7,15,49
5,15,152
7,16,239
6,16,86
5,16,74
9,17,53
9,18,227
3,18,385
5,19,453
5,20,285
5,20,484
6,20,206
6,20,421
7,20,378
6,21,235
1,21,317
6,22,44
9,22,458
1,23,176
5,23,361
1,23,28
7,24,182
5,24,272
5,25,174
2,25,396
2,25,150
2,25,124
8,26,270
5,26,223
6,27,322
2,28,98
4,29,238
8,29,439
7,30,296
10,30,300
8,30,154
10,30,65
4,30,315
9,31,266
10,31,240
7,32,114
6,32,66
8,32,486
4,32,428
6,33,267
9,33,244
5,33,182
9,33,13
3,33,358
8,34,205
7,35,80
1,35,416
10,35,62
7,36,144
7,37,350
7,37,477
5,37,20
3,38,122
9,38,247
10,38,141
5,38,22
8,38,439
9,39,437
1,39,266
4,39,7
8,39,17
2,40,42
2,40,142
7,40,378
7,41,199
6,41,45
1,41,330
5,42,212
9,42,146
2,42,215
10,43,95
10,44,382
3,44,335
4,44,384
4,45,4
4,46,28
5,46,79
7,47,234
2,47,283
5,47,500
7,47,175
4,48,233
4,48,362
10,49,202
2,49,322
7,49,36
6,49,227
1,50,166
4,50,331
6,50,132
1,51,207
9,52,41
2,52,342
3,52,466
8,53,183
4,53,432
2,53,265
2,53,164
9,54,410
1,54,13
4,54,200
7,55,29
5,55,321
8,56,401
5,56,399
9,56,379
2,56,422
7,56,188
5,57,355
1,57,396
2,57,119
4,58,458
8,59,237
1,59,277
7,59,62
3,59,56
2,59,366
2,60,196
2,60,150
10,60,497
9,61,229
7,61,144
5,61,209
1,61,268
8,61,141
4,62,15
9,62,187
8,63,400
2,63,51
7,63,214
10,64,151
3,64,279
2,65,255
2,65,477
6,66,351
6,66,392
5,66,21
7,66,254
2,67,269
2,67,189
7,67,87
3,67,464
4,67,109
3,68,279
5,68,107
7,68,289
4,68,412
3,69,126
6,69,137
1,69,206
5,69,14
8,70,123
4,70,206
1,70,339
4,70,155
6,70,301
3,71,340
6,72,361
9,73,78
9,73,318
7,74,235
1,74,462
1,74,60
8,74,363
3,75,485
8,76,32
9,76,351
2,76,157
8,77,124
6,77,292
4,78,80
10,79,405
6,80,65
1,80,9
8,80,52
3,80,252
9,80,254
8,81,104
5,81,230
5,81,450
4,81,236
5,81,212
9,82,101
9,82,64
10,82,274
4,82,116
8,83,407
1,83,232
9,83,302
6,84,212
9,84,335
3,84,58
3,84,143
9,85,320
7,85,416
3,86,65
1,87,204
1,87,339
7,87,442
2,87,355
2,88,270
8,88,437
3,88,380
4,88,493
4,88,445
8,89,355
5,89,338
7,90,146
10,90,83
7,90,463
3,91,156
5,91,334
7,91,353
3,91,383
2,92,218
5,93,8
5,93,274
1,94,23
2,95,269
1,95,12
8,95,328
9,96,83
5,96,349
1,96,78
4,96,304
8,96,321
10,97,65
9,97,169
8,98,374
4,99,27
9,100,149
8,100,471
5,100,492
7,101,321
3,101,65
4,102,361
5,102,317
2,102,100
4,102,224
9,102,294
6,103,173
7,103,69
5,104,226
10,104,2
6,105,62
6,105,90
5,105,389
6,106,264
10,106,177
4,106,344
1,107,348
5,107,262
9,107,455
8,107,393
9,107,358
6,108,448
7,109,365
8,109,377
1,110,139
1,110,288
7,111,198
9,112,43
9,112,228
3,112,348
9,112,220
8,112,430
5,113,351
8,113,226
3,113,268
2,114,270
10,114,175
2,114,218
5,114,171
9,115,203
3,116,484
4,116,218
9,116,312
7,116,188
6,117,327
3,117,479
9,117,357
2,118,22
9,118,288
2,118,360
2,118,14
2,118,142
3,119,409
6,119,376
10,120,467
2,120,359
8,120,463
3,120,430
8,120,444
2,121,375
1,121,16
5,121,416
7,122,110
1,123,173
6,123,356
5,123,308
9,124,434
9,125,184
9,125,327
4,125,64
8,125,225
5,126,346
6,127,10
9,127,14
4,127,243
7,128,345
9,128,450
8,128,316
9,128,78
6,129,128
7,129,36
7,130,130
2,130,336
3,131,271
2,131,198
1,132,416
8,132,422
10,132,192
7,133,94
4,134,429
5,134,392
4,135,324
4,135,140
6,135,337
5,135,265
6,135,94
10,136,390
5,136,242
10,136,262
9,137,450
8,137,362
6,138,24
1,138,284
9,138,122
10,139,93
3,139,36
1,139,176
10,140,69
7,140,363
8,141,227
8,141,369
2,141,1
7,141,86
2,142,439
10,142,474
6,142,169
8,142,94
8,143,47
10,143,413
7,144,34
10,145,263
3,145,103
6,145,416
3,145,470
4,146,357
6,146,32
10,146,384
7,147,486
1,148,51
5,148,424
7,148,64
10,148,7
4,148,472
4,149,426
1,149,71
10,149,124
7,149,272
3,149,286
9,150,334
9,150,258
4,150,267
8,151,487
7,151,87
4,152,238
9,152,287
9,152,180
1,152,496
10,152,259
3,153,420
5,153,245
4,153,48
1,153,382
10,153,326
4,154,73
8,155,337
2,156,82
9,156,197
9,156,289
1,156,175
2,156,247
1,157,497
10,157,5
7,157,251
8,157,473
6,158,284
1,158,305
9,158,202
10,159,138
5,160,279
2,160,52
7,160,212
9,160,11
9,161,46
5,162,239
8,162,440
8,163,420
7,163,125
7,163,334
5,163,270
8,163,296
8,164,454
8,164,218
9,164,373
9,165,342
10,165,343
2,165,416
2,166,55
7,166,220
10,167,332
8,167,313
5,167,204
7,168,448
5,168,276
1,168,171
7,168,348
9,169,191
6,169,474
7,169,192
2,169,472
3,169,171
8,170,214
4,170,409
1,170,106
7,170,356
6,170,69
4,171,10
8,171,444
10,171,335
4,171,78
3,171,241
10,172,355
6,173,307
9,173,322
6,174,112
2,174,322
6,174,164
8,175,363
9,176,106
4,176,312
2,176,93
6,176,365
3,177,187
6,177,366
9,177,275
2,177,38
6,177,200
8,178,362
2,178,339
2,179,85
7,179,249
6,179,346
4,179,365
7,179,440
4,180,62
5,180,57
6,181,157
3,181,388
3,181,358
5,181,299
4,181,283
10,182,401
9,182,16
4,182,19
1,182,61
2,182,123
2,183,475
7,183,339
8,184,262
5,184,320
6,184,126
3,185,150
6,185,241
5,186,53
1,186,81
4,186,497
7,186,357
7,186,420
4,187,188
10,188,436
9,188,147
7,188,179
9,188,49
4,189,416
4,190,136
6,190,2
4,190,158
8,190,194
5,191,115
3,192,3
3,192,332
10,192,23
9,193,270
7,193,394
9,194,238
6,194,334
5,194,466
7,195,93
10,195,82
4,195,174
3,195,395
3,196,364
3,196,60
9,196,496
2,196,451
6,197,449
3,197,185
4,197,134
2,197,109
8,197,277
6,198,313
7,198,76
8,199,131
10,199,18
4,200,487
7,201,74
5,202,200
8,202,267
6,202,129
6,202,138
7,202,160
4,203,371
4,203,218
8,203,224
5,204,417
1,204,100
2,205,287
4,206,429
2,206,232
4,207,317
1,207,425
4,207,239
6,207,327
5,208,453
9,208,401
4,208,447
4,209,240
8,209,232
3,210,291
4,210,362
7,210,450
3,210,440
1,211,462
9,211,329
5,211,440
5,211,169
5,212,133
10,212,454
2,212,397
2,212,470
9,213,100
10,213,136
10,213,206
7,213,22
10,214,489
2,214,41
4,214,241
6,215,100
2,215,91
5,215,449
3,216,338
4,217,409
10,217,474
6,217,227
2,217,152
3,218,448
1,218,6
1,218,285
3,218,479
9,219,82
1,219,207
6,220,348
6,220,163
10,221,90
6,221,417
5,221,319
4,222,458
6,223,489
2,224,367
5,224,116
8,224,57
8,224,422
8,225,421
6,225,224
2,225,42
6,226,183
1,227,492
3,227,74
6,227,352
7,227,498
9,228,429
7,229,71
9,229,120
5,229,219
7,229,29
4,229,286
10,230,222
5,231,478
1,231,445
10,231,294
8,231,67
3,231,162
7,232,245
1,232,172
3,232,499
10,233,59
8,233,89
9,233,115
3,233,464
7,233,444
7,234,384
7,234,446
7,234,359
1,234,357
7,235,342
1,235,296
6,235,76
5,235,91
6,235,56
10,236,252
4,237,343
6,238,187
10,238,198
4,238,56
9,239,485
8,239,235
2,239,265
2,240,188
2,241,149
9,241,145
9,241,183
4,242,392
7,242,410
8,242,195
3,242,103
4,242,231
5,243,154
1,244,283
4,244,453
10,245,126
3,245,280
10,245,369
9,245,169
9,246,482
9,246,176
6,247,293
4,247,304
4,247,167
5,247,82
8,247,274
5,248,116
4,248,178
8,248,245
9,249,179
4,249,42
9,249,68
9,249,363
1,249,265
5,250,167
8,250,434
2,250,143
6,250,238
8,251,401
4,251,258
6,251,208
6,252,187
4,252,160
1,252,256
3,253,202
9,253,256
7,253,45
2,253,279
10,254,499
2,255,160
4,255,114
10,255,209
4,256,481
9,256,439
2,256,191
2,256,52
7,256,156
6,257,9
8,257,390
7,257,281
6,257,397
1,258,302
8,258,1
10,259,164
4,259,14
3,260,457
7,260,191
9,260,298
5,260,482
5,261,270
1,261,95
2,262,487
9,262,282
7,262,458
10,262,393
3,263,256
5,263,183
2,263,13
1,264,301
9,264,219
3,264,322
7,264,422
2,264,112
9,265,141
5,265,494
3,265,171
4,265,179
4,265,232
5,266,440
4,266,65
3,267,342
10,267,476
6,268,313
1,268,349
7,268,455
10,268,323
4,268,423
1,269,202
8,269,236
7,270,449
6,270,438
4,271,352
1,271,388
10,272,95
4,273,36
1,274,432
6,275,119
8,275,300
3,276,454
6,276,457
8,276,470
8,276,102
2,277,264
2,277,422
1,277,88
8,277,136
4,277,320
7,278,209
6,278,348
4,278,274
9,278,161
7,279,108
3,279,160
4,279,357
2,279,308
2,280,194
5,281,176
9,281,429
10,281,366
4,282,27
4,282,377
7,282,155
2,283,292
5,284,422
9,284,255
2,284,346
7,284,56
9,285,264
4,286,118
3,286,356
7,286,314
10,287,150
9,288,399
10,289,248
10,289,492
6,290,377
6,290,334
4,290,469
7,290,106
1,291,86
7,291,367
2,292,385
9,293,450
9,293,22
4,293,293
5,293,320
4,294,238
3,294,213
10,295,42
6,296,85
10,297,78
10,298,339
7,298,242
5,298,191
3,298,386
9,298,416
6,299,421
6,299,478
2,299,14
8,299,210
7,300,414
7,300,227
4,301,364
8,301,138
9,301,124
8,302,449
3,302,447
4,302,141
4,302,140
4,302,356
5,303,437
1,304,9
10,304,379
3,304,41
4,304,77
3,305,379
3,305,80
6,305,437
6,305,34
6,305,257
6,306,283
1,306,27
3,306,345
2,306,20
10,307,79
6,307,426
6,308,79
5,308,352
4,308,326
5,309,434
9,309,450
10,309,150
4,309,14
3,310,35
10,310,345
9,310,17
8,311,106
5,311,499
3,311,44
9,312,428
9,312,67
8,312,116
8,312,351
7,313,479
9,313,474
3,313,154
2,313,387
6,314,71
4,314,440
9,314,29
2,315,14
2,316,39
4,316,180
8,316,414
5,316,220
10,316,173
1,317,359
7,317,65
7,317,268
4,318,73
1,318,251
10,318,388
7,319,125
9,319,420
10,320,229
7,321,482
8,322,247
10,323,66
7,323,376
4,323,211
4,324,256
7,324,38
2,325,322
10,325,397
6,326,349
4,327,218
9,328,66
1,328,211
3,328,44
4,329,275
3,329,318
10,329,180
2,329,198
4,329,362
1,330,183
9,330,254
8,331,46
3,331,61
5,331,310
1,331,58
8,332,386
2,332,173
2,332,404
3,332,308
9,332,76
6,333,240
6,333,308
3,333,342
7,334,284
1,335,64
3,335,217
10,335,9
7,336,13
5,336,123
1,336,34
5,337,354
5,337,460
10,337,339
8,338,239
8,338,230
1,338,283
8,338,41
7,338,40
10,339,383
3,339,136
5,339,72
9,339,263
8,339,410
9,340,395
1,340,128
8,340,111
10,340,382
8,340,138
10,341,324
2,341,243
5,342,52
8,342,249
2,342,320
3,342,248
9,343,445
6,343,446
1,344,209
5,344,5
9,345,353
10,345,120
5,345,480
1,345,78
7,346,299
10,346,174
2,346,466
5,346,140
3,346,447
7,347,217
9,347,327
4,348,412
5,348,63
6,348,9
5,348,319
7,348,254
6,349,355
4,349,113
10,349,181
3,349,38
8,349,248
5,350,427
8,350,490
7,350,430
10,350,396
2,351,493
3,352,443
5,353,198
10,353,306
6,353,290
5,354,133
1,354,287
8,355,331
6,356,138
7,356,470
8,356,379
8,356,457
2,356,471
3,357,131
8,357,287
5,357,340
3,357,17
9,357,400
7,358,281
10,358,376
9,358,384
4,358,304
10,358,277
3,359,343
1,359,40
2,359,225
10,359,256
6,360,418
4,360,103
5,361,183
10,361,441
4,361,295
5,361,117
8,362,103
5,362,337
1,362,458
9,363,492
8,363,442
6,363,216
4,364,217
6,364,332
3,365,441
4,365,289
5,365,439
1,365,274
9,365,358
1,366,467
8,366,125
8,367,295
2,367,252
2,367,500
2,367,349
1,368,277
1,369,233
1,369,363
1,370,403
2,370,109
1,370,188
1,370,239
4,370,255
5,371,207
3,372,230
10,372,452
8,372,381
5,373,404
3,373,246
7,374,132
6,374,418
4,374,200
2,374,293
1,375,213
5,375,496
5,375,288
3,375,361
6,375,396
5,376,334
10,376,171
6,376,466
10,376,317
4,376,465
8,377,33
9,377,352
6,377,307
6,377,155
10,378,213
6,378,274
4,379,363
10,379,245
3,379,165
1,380,26
2,381,411
1,381,206
6,381,5
2,382,176
4,382,251
3,382,404
4,383,58
2,383,293
7,383,146
3,383,319
6,383,194
7,384,268
8,384,167
6,384,482
10,385,349
4,386,211
1,386,372
6,387,83
5,387,185
8,387,405
3,387,35
7,388,395
2,388,480
9,389,201
1,389,269
8,389,368
4,390,112
3,391,198
4,391,333
6,391,190
6,391,482
9,391,204
7,392,222
7,392,496
6,392,47
9,393,121
4,393,122
5,394,359
2,394,460
8,394,203
5,394,242
7,394,36
6,395,335
7,395,431
4,395,383
6,396,432
6,396,53
10,397,275
5,397,347
9,397,450
5,397,390
6,398,500
7,398,225
1,399,226
3,399,437
8,399,303
5,399,187
6,400,300
2,400,446
10,400,478
5,400,298
8,401,69
1,401,444
2,401,268
3,402,464
1,402,81
2,403,2
5,404,216
1,404,69
7,404,87
10,404,449
7,404,208
6,405,415
8,405,370
8,405,423
2,406,351
10,406,138
4,406,476
4,407,238
8,407,8
2,408,280
7,408,102
8,408,158
9,409,340
2,409,442
9,409,295
7,409,145
2,409,74
6,410,315
5,411,127
9,411,446
5,411,462
10,411,226
1,411,441
6,412,96
9,412,387
4,412,225
9,413,348
7,413,14
7,413,209
1,413,269
9,414,434
8,414,183
6,415,43
8,415,190
6,415,459
5,416,18
9,416,358
8,417,187
1,417,488
9,417,484
1,417,340
2,418,25
9,419,30
3,419,297
3,420,443
2,420,368
2,421,57
2,422,219
1,422,409
4,423,439
7,423,29
4,423,44
9,423,112
7,423,223
7,424,465
2,424,150
10,425,174
2,425,214
2,425,57
5,425,265
4,426,359
10,426,250
4,426,287
2,426,343
6,427,479
6,427,5
6,427,74
8,427,350
1,427,450
1,428,462
7,428,284
10,428,209
9,429,259
1,429,29
8,429,460
5,430,290
6,430,403
1,430,120
8,430,189
10,431,464
7,431,140
1,431,263
2,431,279
5,431,470
4,432,9
1,432,47
2,433,483
1,433,254
7,433,247
7,433,294
1,434,204
8,435,330
1,435,147
10,435,39
7,435,149
7,436,163
2,436,206
7,436,367
8,437,471
5,437,85
6,438,200
7,438,159
4,438,441
6,438,133
1,438,448
3,439,77
10,439,379
9,440,77
3,440,316
7,441,16
10,442,447
6,443,494
9,443,139
4,443,202
4,443,323
9,443,204
7,444,443
6,444,259
4,444,364
10,444,492
1,445,225
4,446,39
7,447,397
4,448,156
9,448,485
2,448,220
6,448,492
6,448,113
5,449,137
9,449,320
1,449,419
10,449,378
3,450,138
10,450,26
7,450,118
2,450,105
6,451,258
1,451,29
2,451,62
1,451,343
6,451,175
1,452,298
10,453,111
1,453,314
2,454,238
5,455,20
9,455,85
8,456,417
3,456,35
10,456,186
6,457,185
2,457,84
5,458,384
9,458,358
8,459,47
7,460,439
10,460,318
3,460,205
6,461,127
7,462,440
6,462,250
2,462,472
2,462,463
5,462,464
7,463,344
8,463,154
3,463,428
7,463,395
10,464,284
9,464,322
3,464,11
1,464,178
5,465,449
3,465,306
6,465,474
10,465,58
9,466,361
7,466,405
10,466,337
7,466,431
7,467,207
9,467,347
4,467,72
2,468,371
3,468,197
6,469,421
10,469,75
9,469,316
1,470,193
9,470,408
2,470,57
5,471,177
1,471,54
4,471,102
10,471,294
2,471,3
1,472,3
4,472,53
6,472,209
6,472,292
9,472,360
3,473,107
2,474,58
1,474,449
4,474,363
7,475,500
8,475,475
7,475,296
1,475,17
6,475,6
10,476,116
5,477,107
7,477,138
6,477,398
3,478,347
5,478,479
1,478,471
1,478,446
2,478,84
4,479,63
6,479,256
1,479,34
7,480,320
2,480,399
4,480,37
5,481,262
7,481,190
3,482,273
6,482,78
1,483,427
3,483,359
5,483,111
5,483,310
9,484,433
7,484,472
8,484,17
7,485,420
5,486,58
7,487,392
7,487,376
1,488,82
7,488,447
6,488,230
3,489,100
9,490,339
2,491,398
9,491,216
4,491,291
9,491,257
3,492,196
4,492,198
6,493,58
6,493,317
9,493,333
7,493,287
9,493,201
2,494,350
10,495,353
2,495,4
1,495,48
5,496,266
6,496,291
5,496,460
6,496,48
8,497,436
5,498,261
3,498,458
8,499,424
4,499,291
10,500,220
10,500,398
8,500,27
2,500,442
10,500,25
2,501,144
6,501,394
8,502,489
6,503,289
2,503,254
8,503,203
2,503,332
6,503,323
8,504,449
1,504,298
4,504,342
9,504,135
4,504,438
6,505,313
9,506,116
6,506,452
6,506,183
10,507,171
9,507,112
3,507,458
1,507,288
9,507,59
8,508,480
2,508,159
10,508,109
7,508,118
8,509,315
5,509,39
2,509,55
7,510,129
2,510,72
6,510,483
1,511,367
3,511,237
1,511,429
4,511,281
9,512,72
5,512,401
1,513,243
7,513,42
2,513,23
3,514,178
9,514,412
5,514,274
5,515,476
10,515,59
2,515,353
9,516,418
7,517,106
3,517,160
6,518,201
5,518,245
4,518,21
7,518,162
1,519,250
7,519,353
7,519,24
10,520,349
3,520,276
4,520,406
1,520,479
8,520,60
10,521,279
6,521,114
9,521,460
3,522,301
4,522,12
4,522,347
10,522,112
1,523,160
3,523,429
5,524,37
8,524,279
3,524,176
8,524,356
10,524,492
7,525,449
7,525,115
4,525,363
9,525,58
8,525,360
6,526,301
7,526,465
3,526,319
8,526,417
10,527,451
8,527,37
6,527,500
4,527,321
7,528,237
9,529,21
3,529,366
1,530,103
7,530,51
5,530,141
7,530,294
3,530,207
7,531,147
4,531,410
6,532,335
6,533,254
7,533,206
10,533,209
8,533,424
7,533,191
5,534,391
4,534,215
10,534,396
8,535,309
2,536,168
10,536,453
4,536,88
2,536,198
9,537,317
10,537,436
2,537,56
2,537,278
3,538,102
10,539,354
5,539,9
1,539,263
6,540,374
4,540,134
6,540,221
10,541,60
7,541,447
7,541,159
5,541,417
7,541,50
8,542,390
5,543,209
8,543,3
10,543,208
2,543,44
4,543,301
9,544,439
3,545,272
6,546,363
8,547,432
9,547,315
9,547,228
7,548,133
4,548,282
1,549,110
8,549,120
2,549,95
9,549,153
1,550,230
4,550,111
7,550,467
1,550,238
10,550,433
5,551,81
1,551,354
7,551,490
4,551,497
3,551,83
2,552,387
8,552,437
9,552,264
7,553,400
9,553,390
8,553,73
9,554,267
10,554,248
7,554,216
1,554,51
8,555,21
2,556,311
4,556,444
5,556,493
9,557,409
1,557,293
7,557,84
10,558,3
6,559,341
9,559,377
8,559,462
10,560,342
10,560,26
2,560,302
2,561,325
8,561,248
6,562,339
10,562,119
2,562,464
5,562,94
2,563,150
5,563,153
3,564,249
1,564,317
5,564,397
5,564,326
3,564,275
2,565,144
10,565,122
3,566,100
6,566,28
6,566,265
5,566,176
1,567,337
9,567,156
9,567,104
10,567,119
7,568,352
3,568,109
9,569,476
2,569,444
9,569,262
3,570,153
10,570,253
2,570,491
10,570,293
4,570,486
8,571,175
1,571,127
7,571,43
2,571,366
2,572,180
6,572,428
6,572,27
5,573,456
3,573,277
5,573,340
3,574,94
6,574,191
10,574,249
10,574,442
8,575,140
8,575,63
3,575,355
10,575,213
9,575,179
10,576,346
3,576,418
1,576,236
6,577,176
6,577,33
1,577,464
7,577,82
7,578,117
3,578,346
4,578,339
3,579,75
3,579,101
2,580,184
9,580,243
6,580,126
6,580,424
7,580,340
6,581,150
8,581,9
3,581,124
2,582,34
9,582,356
3,582,446
1,582,238
8,582,376
10,583,211
2,583,169
5,583,95
3,583,101
6,583,327
6,584,283
1,584,76
7,584,457
5,585,191
1,585,290
9,585,477
5,585,315
6,585,103
7,586,61
6,586,234
7,586,132
7,586,368
1,587,301
4,587,152
1,588,80
7,588,76
9,589,383
8,589,16
2,589,379
3,590,93
8,590,61
3,590,492
9,590,250
10,591,221
7,591,402
10,591,125
2,592,125
4,593,207
4,593,333
2,593,212
5,593,372
3,593,213
6,594,40
7,595,4
8,596,416
7,597,425
8,597,476
5,598,100
6,599,458
2,600,87
8,600,449
4,601,38
10,601,278
7,602,380
1,602,416
9,602,468
7,602,143
6,603,433
2,603,76
4,604,167
5,605,489
4,605,446
3,606,184
5,607,70
3,607,328
2,607,47
8,607,146
8,607,486
4,608,66
4,608,295
8,608,431
4,609,276
2,609,31
5,609,201
10,609,348
2,609,82
6,610,102
1,610,351
10,610,393
3,610,25
9,611,32
5,611,448
4,611,52
10,611,56
8,611,497
8,612,193
1,612,34
7,612,79
2,613,359
9,614,112
9,614,55
8,614,360
10,614,484
5,614,391
10,615,439
7,615,183
6,615,132
8,615,392
10,615,330
7,616,25
6,616,49
9,616,122
4,617,215
2,617,100
1,617,209
7,617,153
1,618,326
8,618,100
3,618,222
9,618,492
6,618,171
3,619,212
5,619,304
9,620,490
2,620,206
2,620,497
7,620,61
4,620,135
10,621,349
9,621,343
5,621,308
9,622,46
2,622,112
10,623,141
5,623,95
10,623,203
6,624,305
8,624,108
8,624,232
2,625,303
3,625,164
7,625,136
10,625,51
5,626,48
6,626,448
6,626,170
7,627,483
10,627,374
2,627,314
10,627,35
1,627,396
8,628,428
5,628,372
6,629,221
1,629,230
1,629,321
10,630,35
5,630,161
10,630,428
5,630,228
1,630,104
4,631,182
7,632,243
5,632,55
4,632,29
3,632,124
4,632,16
2,633,130
7,633,285
3,633,392
5,634,431
2,634,391
3,634,473
2,635,48
3,635,181
3,635,432
10,636,454
4,637,302
2,638,381
1,638,395
4,638,54
2,638,23
2,638,486
2,639,317
8,639,338
8,639,209
1,639,269
10,639,132
9,640,220
5,640,110
7,640,179
5,640,139
1,641,364
2,641,257
10,641,347
4,642,275
2,642,83
9,642,358
1,643,393
5,644,108
7,644,37
3,644,98
6,645,413
9,645,394
4,645,1
2,645,450
7,645,373
2,646,168
6,646,359
8,646,181
2,646,5
2,647,352
2,648,490
3,648,371
7,649,171
9,649,436
4,650,146
5,650,176
1,651,65
7,651,40
10,651,445
10,651,369
2,652,97
6,652,384
2,652,276
8,652,408
3,652,418
5,653,260
3,653,116
10,654,97
8,654,269
3,655,416
6,656,377
5,656,79
3,656,124
8,657,165
9,657,347
8,657,36
4,658,471
1,658,388
8,659,143
1,659,325
2,659,440
3,660,288
4,660,112
6,660,342
2,661,141
7,661,72
3,661,240
3,662,236
1,662,115
2,662,157
9,662,265
5,663,203
10,663,376
9,663,157
5,663,141
3,664,354
3,665,302
6,665,489
3,665,134
1,665,82
7,666,386
5,666,468
6,666,89
4,666,379
10,666,236
7,667,387
2,667,59
3,668,423
9,669,291
2,669,410
6,669,249
8,669,289
7,669,319
3,670,293
8,670,463
9,670,410
6,670,243
7,671,380
3,671,84
9,671,267
5,672,414
8,672,124
6,672,122
3,672,298
1,673,197
10,673,257
6,673,154
2,673,168
1,673,273
4,674,42
8,674,169
4,674,200
9,675,475
1,675,372
3,675,288
7,675,58
10,676,371
2,677,211
7,677,381
7,677,425
4,678,309
9,678,416
5,678,345
9,678,209
10,679,296
10,679,420
9,679,219
6,679,53
2,679,366
9,680,138
3,680,177
4,680,113
1,680,210
2,681,336
1,681,436
1,681,361
4,681,79
4,682,117
3,682,143
6,682,62
5,682,165
3,682,142
9,683,31
7,683,372
3,683,34
3,683,496
8,684,189
6,684,452
4,685,461
7,685,250
8,685,41
2,686,252
1,686,390
4,686,360
10,687,41
7,687,178
3,687,245
7,687,448
2,687,415
1,688,19
7,688,182
3,688,120
5,688,162
6,688,436
8,689,82
10,689,485
6,689,172
10,689,40
2,690,3
4,690,380
7,690,440
7,690,445
2,691,214
2,691,480
4,692,37
9,693,373
6,693,116
9,693,393
5,693,332
9,694,55
8,694,334
8,694,398
9,694,449
8,694,472
9,695,50
3,695,429
7,695,103
3,695,230
3,695,422
4,696,283
8,696,394
1,696,37
1,697,116
4,697,205
7,697,77
1,697,201
1,698,8
6,699,279
1,699,315
1,700,155
2,701,332
8,701,357
2,702,177
7,702,255
9,702,494
5,702,362
4,703,397
6,703,46
9,703,296
10,703,211
6,704,437
4,704,263
10,704,88
5,705,87
9,705,324
8,705,219
7,706,175
9,706,268
8,706,32
7,706,80
3,707,203
2,707,250
2,707,485
8,707,307
9,708,388
10,708,12
1,708,75
10,708,384
5,709,480
3,709,146
10,710,117
4,710,269
1,710,211
9,710,22
7,711,208
9,711,198
1,711,137
7,711,162
8,712,150
6,712,175
6,712,283
4,712,358
4,712,245
4,713,246
1,713,361
2,713,499
6,713,226
3,713,219
7,714,110
6,714,447
2,715,433
3,716,7
4,717,285
3,717,138
2,717,86
6,717,63
3,718,470
9,718,472
2,718,288
10,718,65
1,719,175
8,719,305
6,719,448
1,720,290
10,720,456
2,720,258
5,720,447
4,721,290
4,722,372
9,722,182
5,722,338
10,723,469
8,723,416
10,723,281
6,723,21
9,724,160
3,724,437
6,725,463
3,725,180
6,725,446
1,726,438
7,726,289
9,727,150
7,727,202
5,727,53
1,727,143
8,728,442
2,728,304
8,728,91
3,728,500
10,729,213
8,729,99
9,730,134
10,731,344
5,731,162
9,731,494
10,731,386
6,731,221
7,732,147
3,733,217
10,733,101
8,734,294
3,734,223
7,734,268
5,734,279
3,734,3
1,735,359
4,735,116
6,736,300
6,737,210
8,737,206
2,737,456
4,738,480
8,738,272
9,738,166
10,738,292
6,738,428
9,739,315
4,740,260
4,740,116
10,740,21
6,740,250
4,740,108
1,741,228
6,741,79
1,741,122
3,742,174
5,743,405
1,744,499
1,744,269
4,744,41
1,744,25
1,745,94
7,745,196
8,745,173
10,746,38
10,747,37
3,747,308
3,747,362
1,748,264
7,748,277
1,748,151
1,749,273
6,749,411
10,749,489
7,749,439
10,750,428
2,750,98
9,751,35
9,751,191
1,751,429
10,751,496
3,752,489
10,752,123
3,752,399
9,753,272
7,753,18
1,753,68
3,753,391
6,753,235
7,754,409
5,754,336
2,755,251
3,755,496
1,755,321
4,755,300
1,756,225
6,756,238
9,756,395
2,757,222
2,757,339
9,757,87
4,757,187
6,757,432
1,758,116
4,758,421
9,758,396
1,759,202
10,760,171
5,760,184
4,761,426
4,761,122
4,762,85
4,763,49
9,763,431
10,763,178
7,764,97
2,764,106
4,764,310
10,764,359
10,765,34
6,765,387
1,766,51
5,766,469
4,766,496
8,767,83
1,767,13
4,767,37
8,767,468
7,768,237
7,768,167
1,768,34
3,768,419
4,769,336
1,769,160
10,770,135
5,770,129
8,770,37
8,771,54
1,771,129
8,772,294
1,772,112
3,772,121
5,772,415
10,773,374
5,774,205
3,774,155
7,775,239
6,775,342
10,776,7
1,776,314
9,777,208
8,777,22
9,777,10
1,777,378
10,778,287
2,778,154
6,778,493
8,778,25
8,778,474
6,779,495
8,779,228
2,779,381
7,779,39
1,779,382
4,780,88
5,780,400
7,780,415
7,781,257
9,781,134
4,781,292
2,781,185
1,781,83
9,782,90
2,782,177
3,782,158
5,783,236
4,783,391
1,783,384
4,784,37
3,784,330
10,785,101
1,786,19
6,786,231
4,786,428
2,786,165
6,787,396
1,787,255
8,787,148
6,787,355
8,788,325
1,788,218
4,788,481
2,788,100
1,789,320
6,789,333
6,789,382
6,789,43
2,789,181
7,790,195
4,791,45
5,791,396
3,791,98
6,791,167
3,791,328
5,792,389
1,792,295
9,792,178
6,792,457
9,792,345
2,793,179
5,793,371
8,793,216
2,793,245
6,793,263
3,794,115
8,794,163
8,795,268
4,796,85
10,796,352
5,796,430
10,797,369
7,797,29
6,797,103
3,798,155
10,798,354
6,798,320
9,798,20
9,799,205
2,799,426
6,799,307
10,800,22
10,800,287
2,800,329
4,800,484
7,800,460
4,801,46
9,802,447
8,802,230
5,802,18
9,803,48
9,804,342
10,804,181
5,805,6
6,805,46
10,805,346
2,805,155
10,805,348
3,806,213
4,807,95
5,807,328
7,808,79
8,808,376
3,808,338
7,809,457
3,809,69
7,809,276
9,810,497
6,811,119
7,811,456
8,811,337
6,811,474
8,811,405
10,812,387
10,812,493
10,813,293
4,813,85
8,813,334
6,814,147
9,814,318
4,814,251
2,815,230
7,815,150
5,816,343
5,817,5
5,817,349
9,817,181
7,817,196
8,817,159
9,818,345
10,818,387
9,819,214
6,819,93
7,820,111
6,820,251
1,820,247
2,820,327
9,821,13
10,821,184
2,821,84
9,821,410
5,821,6
7,822,370
8,822,459
10,822,245
3,822,34
6,822,453
7,823,196
7,823,286
1,823,418
7,823,466
7,824,113
2,824,229
3,825,377
1,825,478
2,825,239
8,826,137
6,827,450
4,827,163
2,827,458
10,827,289
5,827,476
6,828,124
10,828,54
6,828,355
10,828,243
10,829,98
5,829,209
10,829,488
8,829,449
5,829,425
10,830,53
5,830,174
4,830,226
6,830,109
3,831,59
9,832,202
10,832,481
2,832,306
5,832,16
7,832,86
6,833,34
2,833,310
2,833,35
9,834,167
9,834,35
4,835,189
5,835,86
1,835,121
9,836,196
4,836,91
6,836,84
2,837,343
7,837,257
7,838,310
7,839,88
8,840,225
9,840,382
6,840,433
10,841,443
5,841,441
5,842,420
1,843,10
9,843,73
3,843,310
7,844,309
5,844,87
6,844,330
1,844,70
7,844,64
10,845,136
6,845,20
6,846,481
10,846,289
10,846,483
6,846,306
8,846,197
2,847,104
7,848,54
4,848,71
3,848,177
1,849,345
6,849,142
7,850,189
1,851,242
7,852,461
8,852,230
4,852,114
9,852,162
8,853,157
2,854,387
2,855,200
4,855,9
4,855,295
9,856,419
2,856,344
2,856,222
10,856,384
6,857,311
9,857,73
2,857,244
10,858,35
10,858,262
2,858,34
9,859,470
1,859,171
9,859,112
1,860,229
3,861,375
3,861,187
5,862,340
1,862,147
7,862,123
7,862,397
7,863,155
7,863,426
8,863,6
3,864,459
2,864,303
6,864,349
1,864,51
7,864,271
4,865,27
3,866,156
5,866,379
7,866,246
8,867,420
6,867,355
1,867,464
3,867,313
4,868,450
7,868,185
1,868,43
4,868,343
10,868,444
4,869,316
8,870,289
7,870,261
4,870,400
8,870,173
9,871,281
5,871,205
6,871,285
4,871,28
9,871,274
3,872,430
10,872,442
3,872,74
4,872,375
3,872,19
2,873,468
3,873,402
6,874,4
1,875,105
4,875,144
1,875,499
10,875,494
7,875,201
10,876,194
4,876,448
2,877,196
2,877,448
3,878,62
4,878,233
5,878,98
4,878,323
6,878,38
2,879,267
1,879,482
9,879,242
1,879,232
2,879,35
7,880,193
2,880,241
5,881,211
4,882,476
9,882,45
7,882,300
9,882,350
10,883,410
8,883,186
7,883,477
1,883,420
8,883,304
7,884,259
1,885,314
7,886,124
10,886,36
7,886,90
1,886,167
7,886,190
8,887,323
3,887,373
7,888,284
6,888,285
2,889,235
10,889,312
6,889,155
6,889,195
9,890,478
4,891,336
7,891,151
8,891,16
1,891,44
4,892,348
9,892,346
9,893,4
3,893,267
8,893,125
4,893,459
9,893,368
7,894,374
4,895,213
10,895,25
3,896,414
4,897,46
9,897,474
10,898,182
10,898,4
5,899,425
10,899,476
3,900,479
7,900,118
7,900,127
3,900,493
4,901,302
1,901,323
8,901,3
9,902,350
3,902,33
9,902,192
7,902,443
2,902,245
6,903,346
5,903,106
1,903,204
4,903,292
8,904,220
1,904,458
8,904,260
10,905,118
5,905,170
6,905,458
6,906,279
6,906,16
2,907,340
8,907,130
1,907,173
7,907,175
3,908,131
4,908,24
4,908,29
5,908,271
8,909,410
2,909,280
5,909,371
1,909,271
7,909,448
4,910,48
4,910,450
8,910,53
1,910,434
2,911,406
4,911,9
4,911,279
6,911,427
10,911,26
6,912,118
9,912,102
8,913,101
8,913,21
7,913,388
3,914,422
5,914,270
6,914,94
10,914,476
9,915,15
4,916,214
7,917,73
10,917,42
4,917,330
7,918,348
8,918,17
6,919,238
5,919,99
5,919,100
5,919,360
4,920,275
1,920,417
4,920,322
10,920,364
10,921,414
4,921,400
6,922,45
4,922,143
4,923,315
8,923,265
8,923,43
8,923,448
7,924,204
9,924,404
6,924,307
5,924,406
1,924,341
3,925,107
3,925,268
2,925,298
2,926,408
8,926,100
1,926,165
3,926,6
1,926,393
10,927,307
8,928,235
9,929,245
3,929,373
7,930,120
2,930,159
3,930,17
2,930,51
1,931,314
3,931,98
4,931,134
5,931,494
8,931,278
8,932,491
6,933,234
2,933,107
7,933,60
5,933,138
8,933,261
4,934,362
1,934,60
5,934,328
8,935,167
6,935,110
4,936,488
1,936,136
1,936,237
7,936,277
1,937,280
4,937,204
8,937,456
10,937,474
6,937,386
2,938,350
3,938,460
2,939,343
6,940,329
3,940,138
3,941,342
1,941,446
7,941,37
7,942,327
2,942,409
8,942,117
9,943,161
3,943,263
1,943,258
4,943,69
2,943,164
4,944,446
10,944,390
8,944,344
1,945,393
8,946,155
1,946,485
3,946,434
5,946,188
5,946,432
6,947,145
10,948,113
2,948,317
6,948,337
2,948,197
2,948,152
8,949,234
6,949,14
4,950,252
1,950,92
3,951,60
10,952,170
7,953,263
3,953,219
1,953,156
6,954,427
7,954,270
5,955,360
10,955,297
5,955,39
3,956,397
5,956,119
10,956,267
2,956,94
2,956,419
8,957,499
6,957,34
4,958,20
1,958,390
10,958,204
9,959,320
2,959,42
8,959,151
6,959,450
2,959,446
1,960,204
4,960,399
3,960,293
7,960,84
2,960,437
9,961,242
1,962,289
9,962,161
9,962,402
7,962,177
8,962,351
8,963,489
7,964,402
5,964,328
9,964,268
9,965,79
4,965,239
2,965,385
10,966,24
8,966,28
4,967,224
4,967,27
4,967,300
3,967,106
4,968,307
1,968,100
10,969,421
8,969,84
3,969,6
3,969,251
7,970,467
4,970,24
7,970,82
9,970,409
6,971,259
5,971,168
3,971,300
9,972,123
8,972,219
7,972,297
10,973,209
1,973,430
1,973,352
6,973,101
1,974,150
10,974,395
9,974,430
8,974,206
7,975,192
5,975,175
6,975,78
3,975,74
6,975,440
2,976,275
8,976,320
8,976,77
10,976,372
9,976,395
1,977,144
2,977,375
9,977,379
8,978,135
6,978,408
8,978,57
3,978,374
10,978,94
7,979,340
8,980,489
1,980,282
8,980,190
2,980,150
3,981,323
7,981,228
10,981,126
2,981,289
8,981,349
8,982,237
1,982,115
6,983,277
8,983,40
3,983,235
10,984,180
1,984,377
6,985,476
6,985,32
1,985,438
3,985,248
5,985,395
5,986,105
8,987,413
10,987,134
3,987,100
1,988,170
1,988,1
3,988,87
5,988,136
1,988,39
5,989,456
8,989,179
1,989,110
6,989,414
6,990,408
10,991,483
6,991,101
7,991,18
9,991,47
2,991,441
1,992,159
4,992,210
8,992,303
9,992,487
4,992,153
9,993,75
7,994,82
9,994,246
3,994,230
1,995,335
8,995,76
4,996,368
4,996,341
4,996,311
9,997,108
1,997,275
8,997,431
4,997,476
4,998,446
7,998,266
10,998,241
7,999,218
9,1000,418
5,1000,389
5,1001,188
1,1001,26
3,1001,264
7,1002,104
3,1003,75
8,1003,420
10,1003,446
4,1003,345
6,1004,462
5,1004,366
9,1004,460
6,1004,377
3,1004,130
2,1005,158
6,1005,186
10,1006,181
4,1007,68
1,1007,55
1,1007,438
7,1008,449
4,1009,365
3,1009,129
7,1009,240
5,1009,156
5,1009,478
9,1010,148
2,1010,17
4,1011,383
2,1011,399
4,1012,246
2,1012,292
9,1013,76
7,1013,484
7,1013,425
1,1014,35
7,1014,414
7,1015,194
7,1015,309
5,1015,112
4,1016,153
7,1016,357
7,1017,334
8,1018,54
6,1018,95
9,1018,72
5,1018,446
7,1019,139
1,1019,370
10,1019,37
9,1020,263
9,1020,309
8,1020,347
10,1021,205
3,1021,146
2,1022,65
5,1022,489
10,1023,422
4,1023,5
2,1023,450
5,1024,147
3,1024,226
5,1025,126
4,1025,110
3,1025,178
6,1025,114
4,1025,25
3,1026,126
5,1026,354
2,1027,494
3,1027,452
3,1028,452
6,1028,195
9,1028,253
8,1028,321
2,1029,118
5,1029,158
8,1029,267
10,1029,459
5,1030,105
8,1030,413
1,1030,427
3,1030,342
6,1031,110
8,1031,140
5,1032,98
6,1032,431
6,1032,496
2,1033,409
4,1033,266
5,1033,141
2,1034,311
1,1034,295
2,1034,64
8,1034,4
3,1034,38
6,1035,176
10,1035,106
5,1036,412
9,1036,2
4,1036,473
8,1036,441
3,1036,29
7,1037,116
3,1037,182
6,1038,288
7,1038,490
2,1039,369
5,1039,489
2,1040,161
6,1040,121
5,1040,206
6,1041,219
9,1041,39
7,1041,213
8,1041,68
2,1042,302
9,1042,129
2,1042,485
4,1042,36
9,1042,377
10,1043,424
6,1043,376
2,1043,479
5,1044,40
3,1044,469
3,1044,291
3,1044,337
3,1045,246
9,1046,114
4,1046,239
10,1046,70
9,1047,54
3,1047,30
7,1047,200
5,1047,426
4,1048,410
6,1048,33
7,1049,326
9,1049,298
3,1049,299
6,1049,282
1,1049,192
10,1050,421
9,1051,430
3,1051,340
1,1052,340
7,1052,246
10,1052,169
6,1052,128
4,1053,62
9,1053,13
6,1053,213
2,1053,399
9,1053,432
2,1054,310
9,1054,473
2,1054,80
8,1054,412
1,1055,44
4,1055,40
10,1055,58
8,1055,153
7,1055,351
1,1056,476
7,1057,125
10,1057,237
3,1058,90
9,1058,98
2,1058,59
3,1059,378
5,1059,393
2,1059,255
3,1059,82
9,1059,149
1,1060,99
9,1060,431
9,1061,370
7,1061,170
3,1061,77
1,1061,419
4,1062,314
7,1062,284
3,1062,123
1,1062,140
8,1062,378
8,1063,58
10,1064,445
6,1064,305
5,1064,134
4,1064,8
10,1064,217
7,1065,415
8,1065,50
4,1066,475
8,1066,60
10,1066,241
10,1066,9
1,1066,299
6,1067,191
9,1067,495
10,1067,260
7,1067,147
8,1067,112
6,1068,461
8,1068,110
6,1068,421
4,1068,138
6,1068,129
2,1069,151
9,1069,30
8,1069,75
10,1070,496
4,1070,384
6,1070,46
1,1070,199
2,1070,297
3,1071,406
8,1071,82
4,1071,109
10,1071,349
7,1072,113
6,1072,95
8,1072,497
3,1072,484
8,1072,30
10,1073,290
6,1073,224
1,1074,487
5,1074,440
2,1074,299
2,1074,49
10,1075,174
9,1075,373
8,1075,449
8,1075,470
4,1075,377
10,1076,324
2,1076,420
9,1076,478
6,1077,454
1,1077,319
6,1077,447
5,1077,128
10,1077,68
3,1078,357
10,1079,191
4,1079,498
1,1079,135
8,1080,344
7,1080,287
2,1080,282
1,1080,72
8,1081,441
8,1081,377
5,1082,312
7,1082,159
7,1082,376
3,1083,97
3,1083,19
8,1083,416
2,1083,358
9,1084,47
7,1084,382
10,1085,106
1,1085,255
4,1085,309
1,1085,390
10,1085,307
10,1086,288
8,1086,145
6,1086,75
8,1086,295
3,1087,34
2,1087,130
7,1087,285
5,1087,122
3,1088,293
4,1089,363
2,1089,268
5,1089,43
6,1089,432
4,1090,358
5,1090,454
4,1090,160
3,1091,365
9,1092,268
8,1092,272
4,1093,273
6,1093,128
5,1093,105
1,1093,182
6,1094,329
2,1094,27
4,1095,465
9,1096,108
1,1096,195
4,1097,456
6,1097,208
10,1097,99
4,1097,198
3,1097,459
5,1098,443
8,1098,210
8,1098,306
10,1098,232
8,1099,53
1,1099,165
6,1099,15
7,1099,384
10,1100,433
2,1100,119
6,1100,256
10,1100,82
3,1100,24
2,1101,371
5,1101,237
9,1101,409
4,1101,250
9,1102,420
6,1102,4
4,1102,192
10,1102,184
2,1102,456
5,1103,407
5,1103,313
8,1104,31
3,1104,144
8,1105,49
3,1106,423
10,1106,47
3,1106,244
7,1106,345
10,1107,488
9,1107,13
6,1107,370
2,1107,272
2,1107,103
3,1108,352
7,1108,178
7,1108,192
6,1108,211
10,1108,91
8,1109,127
8,1110,322
4,1110,125
3,1110,495
2,1110,26
7,1111,186
7,1112,51
7,1112,262
8,1112,94
2,1113,298
5,1113,446
2,1113,76
9,1114,129
5,1114,421
5,1114,488
10,1115,372
5,1115,430
2,1115,178
4,1115,38
5,1116,21
8,1116,365
6,1116,61
9,1116,430
5,1116,188
10,1117,160
5,1117,298
2,1117,19
9,1118,468
4,1118,183
7,1119,157
3,1120,141
5,1120,101
3,1120,463
8,1121,356
7,1121,405
4,1122,156
6,1122,155
10,1122,191
9,1122,86
3,1123,365
8,1123,269
5,1124,370
6,1124,229
10,1125,79
4,1125,145
9,1126,226
3,1127,498
10,1127,362
3,1128,55
6,1128,91
1,1129,121
1,1130,31
1,1131,129
7,1131,459
1,1131,358
8,1131,296
9,1132,159
2,1132,430
9,1132,314
9,1132,4
10,1133,306
1,1133,414
4,1133,387
4,1133,317
4,1133,21
7,1134,476
5,1134,492
5,1134,154
5,1134,152
5,1134,76
2,1135,142
1,1135,343
6,1135,498
10,1136,365
5,1136,383
6,1137,70
6,1137,192
2,1137,266
10,1137,230
8,1138,101
4,1138,196
1,1138,131
4,1138,190
7,1138,198
7,1139,405
9,1140,4
5,1140,166
10,1140,499
4,1141,384
5,1142,483
2,1142,460
1,1143,21
5,1143,4
7,1143,245
10,1143,16
5,1144,486
8,1144,393
10,1144,179
8,1144,147
5,1144,473
8,1145,394
1,1145,293
8,1146,181
2,1146,299
1,1146,386
7,1146,467
1,1147,383
10,1147,273
2,1147,366
5,1147,152
5,1147,327
8,1148,307
3,1148,440
1,1148,205
8,1149,448
2,1150,218
10,1150,374
6,1150,316
3,1151,489
2,1152,392
5,1152,238
7,1153,138
5,1153,497
3,1153,33
4,1153,462
2,1153,209
7,1154,467
5,1154,401
10,1154,63
8,1154,436
1,1154,9
9,1155,271
8,1156,120
3,1157,20
2,1157,188
10,1158,216
3,1159,72
6,1159,480
3,1159,423
4,1159,170
6,1160,307
3,1160,123
5,1160,49
9,1160,120
8,1160,14
9,1161,425
2,1161,469
7,1162,376
1,1162,243
4,1162,323
10,1162,299
1,1163,193
1,1163,87
6,1163,397
3,1163,100
6,1164,296
8,1164,116
4,1164,223
7,1164,451
2,1165,197
6,1165,322
7,1165,418
4,1165,20
10,1166,171
7,1166,14
8,1167,122
9,1168,272
2,1168,489
10,1169,402
8,1169,284
10,1169,41
8,1170,409
4,1170,13
5,1170,497
4,1170,190
7,1170,24
4,1171,264
7,1171,321
3,1172,202
2,1172,406
3,1173,407
4,1173,346
4,1174,216
8,1174,311
8,1175,175
8,1175,254
9,1176,40
2,1176,472
7,1176,350
7,1176,164
9,1176,77
2,1177,241
6,1177,440
5,1178,373
3,1178,308
9,1179,173
6,1180,377
10,1181,491
5,1181,110
9,1182,83
6,1182,216
2,1182,357
7,1183,98
2,1183,233
4,1183,121
9,1183,105
7,1183,63
6,1184,42
4,1185,309
1,1185,191
6,1185,327
2,1185,400
9,1185,90
2,1186,434
7,1186,250
3,1186,385
3,1187,71
6,1187,111
8,1188,249
5,1188,166
10,1188,396
8,1189,420
5,1189,391
4,1189,351
4,1190,19
7,1190,223
7,1190,98
7,1190,225
2,1191,275
10,1192,395
4,1192,163
1,1192,280
9,1193,165
3,1193,14
7,1193,290
9,1193,440
7,1193,369
3,1194,481
9,1194,294
7,1194,448
7,1195,32
2,1195,163
10,1196,441
8,1197,321
6,1197,467
1,1197,286
4,1197,188
10,1197,319
5,1198,461
3,1199,73
5,1199,109
2,1199,271
3,1199,422
5,1200,304
6,1200,262
5,1200,296
8,1200,418
6,1200,74
2,1201,342
1,1201,307
3,1201,109
3,1201,431
10,1202,388
2,1202,283
8,1202,162
2,1202,83
1,1202,430
1,1203,243
7,1203,56
3,1203,205
5,1203,208
5,1204,135
6,1204,431
1,1204,201
2,1204,449
8,1205,487
3,1205,167
3,1206,457
9,1206,2
5,1206,283
5,1206,379
9,1207,240
1,1207,246
7,1207,16
4,1207,4
10,1207,396
9,1208,431
9,1209,223
7,1209,275
9,1209,168
8,1209,416
7,1210,104
6,1210,17
7,1210,91
2,1211,16
5,1211,486
5,1211,38
6,1211,122
4,1212,273
3,1212,192
6,1212,403
2,1212,181
2,1212,222
9,1213,149
2,1213,137
2,1214,83
2,1214,144
5,1214,490
2,1214,365
2,1215,172
10,1215,131
7,1216,247
6,1216,69
2,1216,108
9,1216,336
9,1216,316
9,1217,59
8,1217,365
9,1217,66
7,1217,211
3,1218,148
8,1218,152
2,1218,136
9,1218,410
4,1219,264
2,1219,431
1,1220,204
1,1220,5
9,1220,478
4,1220,492
2,1221,32
9,1222,268
9,1222,203
6,1222,433
1,1222,488
2,1223,370
3,1223,251
2,1223,134
8,1223,117
7,1223,484
8,1224,238
10,1224,352
4,1224,216
5,1224,267
4,1225,359
6,1225,326
5,1225,189
6,1225,63
4,1226,90
1,1226,479
7,1226,370
5,1227,38
10,1227,39
9,1227,100
4,1228,118
10,1228,464
2,1228,226
7,1228,108
2,1229,111
5,1229,91
1,1229,466
7,1230,237
2,1230,9
6,1230,352
1,1230,28
1,1231,60
6,1231,498
1,1231,444
6,1231,460
7,1232,234
3,1232,191
4,1232,427
8,1233,372
7,1233,72
2,1234,403
6,1234,271
4,1234,114
2,1234,16
3,1235,130
9,1235,64
7,1236,169
3,1236,496
2,1237,154
9,1237,126
8,1238,232
3,1238,494
7,1238,168
7,1238,115
9,1238,270
3,1239,88
10,1239,171
5,1240,411
7,1240,42
4,1240,178
10,1240,38
1,1240,458
6,1241,385
7,1241,20
2,1242,58
5,1243,4
9,1243,104
7,1243,1
9,1243,458
2,1244,76
5,1244,290
9,1244,45
7,1245,225
1,1245,457
6,1245,350
7,1246,18
9,1246,494
8,1247,356
6,1247,210
1,1247,131
2,1248,40
7,1248,103
8,1248,317
5,1248,224
7,1249,33
8,1249,204
5,1250,33
7,1250,444
4,1250,317
7,1250,363
9,1251,202
4,1252,132
7,1252,442
4,1253,266
7,1253,349
10,1253,158
2,1253,374
6,1254,410
7,1254,290
10,1255,201
4,1255,378
9,1255,138
3,1256,55
10,1256,280
5,1256,294
2,1256,459
8,1256,371
10,1257,352
6,1257,83
6,1257,290
5,1257,425
8,1258,438
4,1258,363
9,1258,296
2,1258,183
9,1259,322
8,1260,110
10,1261,35
2,1261,84
4,1262,49
4,1262,241
6,1263,477
3,1263,486
9,1263,214
1,1264,78
5,1264,454
6,1265,1
1,1265,32
5,1265,440
2,1265,321
10,1266,258
4,1266,405
9,1266,47
2,1267,43
6,1267,175
4,1267,423
4,1267,265
2,1268,374
3,1268,84
7,1268,79
5,1269,481
7,1269,107
8,1269,185
9,1269,264
10,1269,135
6,1270,207
4,1271,192
1,1271,363
10,1271,177
6,1271,77
9,1272,121
10,1272,156
2,1272,233
3,1272,10
2,1273,389
8,1273,178
10,1273,432
10,1274,390
3,1275,72
7,1275,329
2,1275,369
1,1276,496
9,1276,32
9,1277,455
7,1277,324
1,1277,392
5,1277,349
6,1278,304
3,1278,461
5,1278,278
6,1278,276
3,1279,488
3,1279,18
3,1280,318
2,1280,329
1,1280,405
6,1280,213
2,1280,473
5,1281,285
1,1281,220
6,1282,405
10,1283,343
7,1284,191
1,1285,289
1,1285,166
4,1285,339
1,1285,71
10,1286,162
5,1286,348
9,1287,93
3,1287,228
6,1287,71
5,1287,61
3,1287,424
10,1288,168
7,1288,15
6,1288,36
4,1289,418
2,1289,361
6,1290,374
9,1290,312
4,1290,194
7,1290,383
4,1291,229
3,1291,218
4,1291,272
2,1291,475
10,1292,329
3,1292,469
4,1292,207
8,1292,223
3,1292,10
6,1293,112
9,1293,182
5,1293,82
3,1293,301
6,1293,259
3,1294,366
6,1294,393
8,1294,203
6,1294,323
5,1294,494
8,1295,5
2,1295,67
4,1295,33
1,1296,101
9,1296,419
2,1296,28
6,1296,379
7,1297,165
2,1298,248
6,1299,295
5,1299,215
2,1299,449
2,1300,354
2,1300,473
10,1300,293
7,1301,484
2,1301,230
9,1301,367
9,1301,336
7,1302,496
3,1302,407
5,1303,490
2,1303,89
7,1303,101
3,1304,214
1,1304,252
6,1304,93
8,1304,37
10,1305,343
5,1305,115
1,1305,96
10,1306,25
9,1307,463
4,1308,138
10,1308,359
4,1308,144
9,1308,310
2,1309,437
10,1309,145
10,1309,354
4,1309,455
3,1310,84
1,1311,327
7,1311,60
2,1311,73
8,1311,141
3,1311,275
7,1312,254
4,1312,446
7,1312,120
2,1312,419
1,1312,426
4,1313,48
8,1313,175
6,1313,473
5,1313,437
1,1313,405
8,1314,216
3,1314,454
8,1314,385
9,1314,269
9,1315,89
9,1315,70
2,1315,311
4,1315,95
10,1315,495
6,1316,74
1,1316,117
2,1316,215
9,1317,29
7,1317,4
2,1317,20
5,1317,165
1,1318,175
3,1318,167
3,1318,262
4,1319,211
2,1319,113
4,1319,9
9,1320,341
1,1320,427
4,1320,443
7,1321,377
1,1321,461
9,1321,61
2,1321,453
9,1321,347
5,1322,423
3,1322,139
1,1322,8
7,1322,252
8,1322,125
9,1323,22
7,1323,148
8,1323,421
7,1324,28
5,1324,342
4,1324,358
6,1325,105
2,1326,211
8,1326,14
3,1326,17
6,1326,243
7,1326,28
3,1327,321
7,1327,410
7,1327,414
4,1328,418
10,1328,395
5,1328,169
4,1328,223
2,1328,250
2,1329,336
6,1329,244
3,1329,227
8,1329,57
3,1329,298
10,1330,229
4,1330,149
3,1330,421
8,1330,94
8,1331,405
3,1331,321
3,1331,18
1,1332,259
9,1332,154
3,1332,266
4,1333,315
6,1334,53
4,1334,281
8,1334,25
6,1335,325
8,1336,96
8,1337,75
8,1337,207
10,1338,268
1,1338,367
4,1338,463
2,1339,253
9,1339,109
9,1339,29
7,1339,294
4,1339,328
8,1340,184
6,1340,292
8,1340,23
4,1341,496
9,1342,228
2,1342,317
10,1342,158
7,1343,195
8,1343,104
5,1343,377
5,1343,237
1,1344,303
10,1344,185
2,1344,434
7,1345,142
4,1345,5
4,1346,78
8,1346,198
3,1346,156
8,1347,42
1,1347,142
9,1347,80
9,1347,4
5,1348,23
5,1348,255
4,1349,25
9,1350,396
10,1350,132
10,1351,260
2,1351,379
5,1351,81
6,1351,352
8,1352,356
5,1352,439
4,1352,164
5,1352,198
10,1352,124
6,1353,353
9,1353,54
7,1353,336
5,1353,435
2,1354,42
9,1354,74
8,1355,111
8,1355,196
8,1356,15
3,1356,469
10,1356,182
3,1356,172
8,1357,216
8,1357,460
4,1357,88
9,1357,371
4,1358,255
7,1359,196
5,1360,175
6,1360,437
7,1360,265
5,1360,17
4,1360,51
10,1361,303
6,1361,4
9,1361,140
2,1362,351
7,1362,420
2,1363,276
8,1363,406
10,1363,371
9,1363,202
10,1364,187
6,1364,337
6,1364,476
7,1364,76
10,1365,215
3,1366,150
1,1366,63
1,1367,86
10,1367,409
4,1367,165
4,1368,419
9,1368,369
9,1368,115
7,1368,335
9,1368,146
1,1369,279
7,1369,452
1,1370,292
9,1370,248
3,1370,324
6,1370,206
5,1370,407
5,1371,480
4,1372,67
2,1372,315
10,1373,65
3,1373,54
6,1374,488
9,1374,375
8,1374,317
9,1374,243
5,1374,330
2,1375,13
6,1376,388
9,1376,384
6,1377,378
9,1377,113
4,1378,171
2,1378,261
7,1379,161
10,1379,372
7,1380,23
5,1380,465
6,1380,377
2,1380,184
3,1380,166
4,1381,66
5,1381,459
4,1382,31
2,1382,53
6,1382,57
3,1383,311
6,1383,439
7,1384,332
7,1384,35
8,1384,118
9,1385,427
3,1385,234
8,1385,216
2,1385,154
9,1385,25
8,1386,456
6,1386,79
5,1386,90
5,1386,228
7,1386,446
6,1387,353
6,1388,200
1,1389,494
6,1390,75
8,1391,40
4,1392,437
2,1392,109
8,1392,49
9,1392,138
5,1392,263
6,1393,263
6,1393,199
5,1393,27
9,1393,203
3,1394,436
9,1394,72
5,1394,299
4,1395,113
3,1395,409
5,1395,297
8,1396,231
5,1396,290
5,1397,173
7,1397,202
7,1397,66
3,1398,395
9,1398,330
10,1398,123
3,1398,315
6,1399,47
9,1399,369
5,1399,343
10,1399,422
8,1400,67
4,1401,454
4,1401,433
8,1401,24
5,1401,70
1,1402,462
8,1403,287
9,1403,233
10,1403,289
2,1403,301
2,1404,109
2,1404,348
7,1404,204
9,1404,474
5,1404,496
1,1405,317
6,1406,490
10,1406,170
5,1406,33
2,1406,213
8,1407,280
8,1407,59
1,1408,462
3,1409,158
10,1409,174
1,1409,442
8,1409,403
1,1409,440
4,1410,204
5,1410,187
6,1410,202
10,1410,109
8,1411,56
2,1411,266
3,1411,435
7,1412,67
6,1413,245
7,1413,142
2,1413,430
5,1414,257
5,1414,250
8,1414,99
4,1414,461
10,1414,485
8,1415,96
1,1415,163
2,1416,171
7,1417,475
7,1418,101
8,1418,117
3,1419,240
7,1419,153
3,1419,316
4,1420,39
7,1421,367
8,1421,327
8,1421,341
8,1422,334
7,1422,336
9,1422,450
9,1422,1
1,1422,301
1,1423,231
8,1423,256
8,1423,465
10,1424,14
8,1424,214
4,1424,10
3,1424,485
10,1425,140
6,1425,220
4,1426,228
4,1426,27
4,1426,1
10,1427,275
8,1427,307
1,1428,433
1,1428,114
3,1428,312
9,1428,202
9,1429,110
3,1430,340
6,1430,28
4,1430,151
7,1430,171
9,1431,309
8,1432,427
4,1432,462
9,1433,482
10,1434,368
7,1434,325
10,1434,364
6,1434,201
8,1434,311
8,1435,163
7,1435,131
1,1435,381
3,1436,296
4,1437,3
9,1437,276
7,1437,449
4,1437,418
2,1438,377
8,1438,52
3,1438,417
6,1439,100
5,1439,201
1,1439,308
8,1439,60
3,1440,262
5,1441,189
5,1441,50
3,1441,324
5,1442,329
9,1443,209
4,1443,361
9,1444,311
10,1445,434
1,1445,90
3,1445,168
4,1445,447
5,1446,64
3,1446,475
3,1447,84
4,1447,17
4,1447,10
5,1448,312
4,1448,386
1,1448,180
9,1449,240
9,1449,439
3,1449,294
7,1450,423
6,1451,175
1,1451,317
4,1451,8
2,1451,279
5,1451,242
4,1452,86
5,1452,403
3,1453,84
1,1453,448
10,1453,367
3,1453,484
3,1453,204
6,1454,324
9,1454,424
5,1454,208
10,1455,79
10,1455,108
9,1456,159
5,1456,172
9,1457,51
4,1457,175
10,1457,177
9,1457,103
4,1457,411
4,1458,12
9,1458,206
5,1458,79
3,1458,223
10,1458,346
1,1459,444
4,1460,466
2,1460,15
1,1460,381
7,1460,161
5,1461,242
10,1461,205
5,1461,124
10,1461,308
8,1461,15
10,1462,233
6,1462,238
6,1463,191
7,1463,372
6,1463,93
4,1463,206
6,1464,101
3,1464,486
7,1464,229
8,1464,198
3,1465,353
3,1465,231
3,1465,33
4,1465,183
9,1466,318
1,1466,250
7,1466,355
6,1466,376
4,1467,224
10,1467,70
5,1467,142
10,1467,63
1,1468,494
9,1468,471
10,1468,229
3,1468,141
10,1469,425
10,1469,140
7,1470,181
8,1470,151
2,1470,477
8,1470,282
6,1471,48
7,1471,115
10,1471,144
4,1471,25
2,1471,485
7,1472,325
9,1472,410
10,1472,366
5,1472,180
9,1472,243
10,1473,386
4,1473,325
5,1474,261
5,1475,301
1,1476,405
10,1476,125
4,1476,256
7,1476,47
6,1477,114
10,1477,357
4,1478,59
9,1478,323
10,1478,39
10,1478,355
4,1478,401
2,1479,121
6,1480,288
6,1480,284
10,1480,50
10,1481,429
1,1481,165
5,1481,157
3,1481,479
6,1482,39
9,1482,281
5,1482,22
6,1482,139
9,1482,34
6,1483,47
1,1483,280
10,1484,366
8,1484,226
10,1484,359
10,1484,124
3,1484,134
8,1485,194
4,1485,55
8,1485,249
9,1486,228
9,1487,345
1,1487,184
2,1487,101
9,1487,430
6,1487,307
10,1488,406
10,1488,311
7,1488,263
2,1488,191
1,1489,205
1,1489,140
8,1489,211
9,1490,282
8,1490,105
9,1491,28
5,1491,81
8,1491,119
1,1491,1
1,1491,195
4,1492,185
5,1493,154
10,1493,1
1,1493,298
5,1493,4
7,1493,91
1,1494,50
6,1494,457
4,1495,167
1,1495,367
4,1495,389
7,1495,270
8,1496,383
2,1496,361
5,1497,337
8,1498,154
3,1498,54
4,1498,353
2,1498,5
9,1499,144
3,1499,51
6,1500,470
5,1500,468
7,1501,6
4,1501,61
8,1501,469
5,1502,190
9,1502,74
4,1502,180
1,1503,50
2,1503,439
5,1503,365
10,1504,269
8,1504,280
3,1505,139
8,1506,403
5,1506,38
9,1506,79
10,1506,116
7,1506,47
6,1507,315
9,1507,202
6,1508,174
10,1509,325
6,1509,137
2,1510,86
10,1510,434
7,1510,346
6,1510,118
4,1511,98
4,1511,353
9,1511,331
4,1512,425
10,1512,318
3,1513,445
4,1513,390
4,1513,265
9,1514,127
10,1514,215
8,1514,382
9,1514,73
10,1514,174
7,1515,160
4,1515,108
8,1515,383
3,1516,160
1,1517,20
5,1517,205
10,1518,30
8,1519,399
2,1519,241
6,1519,57
4,1520,111
4,1520,217
1,1521,454
1,1521,254
5,1521,221
9,1521,243
9,1521,182
2,1522,150
4,1523,461
9,1524,237
3,1524,211
1,1524,316
10,1524,459
5,1524,451
3,1525,370
6,1525,288
4,1526,136
5,1526,9
7,1526,319
4,1526,126
5,1527,276
3,1527,348
6,1527,17
9,1527,191
6,1527,76
3,1528,262
9,1528,481
4,1528,442
9,1528,187
10,1529,353
2,1530,112
8,1531,236
4,1531,245
3,1531,166
1,1531,395
2,1532,156
7,1532,136
5,1533,55
8,1533,342
9,1533,45
5,1533,104
7,1533,163
2,1534,339
7,1535,183
8,1535,223
3,1536,5
1,1536,218
1,1536,385
5,1536,447
4,1537,2
1,1537,458
5,1537,315
4,1537,242
3,1537,239
7,1538,7
2,1538,160
10,1538,272
10,1538,499
8,1538,347
1,1539,323
9,1539,500
2,1540,266
2,1540,408
7,1540,216
4,1541,78
8,1541,21
1,1541,179
2,1542,481
9,1542,14
2,1542,464
2,1542,246
2,1543,352
7,1544,96
1,1544,253
1,1544,101
3,1544,257
1,1545,334
2,1545,354
3,1545,329
9,1545,218
7,1545,35
9,1546,148
10,1546,154
2,1546,181
3,1546,30
5,1546,299
2,1547,373
2,1547,426
2,1547,109
5,1548,46
6,1548,496
1,1548,486
3,1548,108
9,1549,201
10,1549,316
6,1549,304
10,1550,476
7,1550,5
2,1550,386
1,1550,309
4,1551,359
1,1551,333
8,1551,222
7,1552,500
2,1552,241
9,1552,96
9,1553,343
6,1553,171
6,1553,77
4,1554,219
7,1554,108
2,1554,244
2,1554,32
10,1555,95
5,1555,337
8,1555,118
4,1555,28
6,1555,335
10,1556,44
7,1556,181
6,1556,429
9,1556,202
1,1557,13
1,1557,45
2,1557,44
10,1557,111
5,1557,312
2,1558,22
8,1558,114
10,1558,458
8,1558,133
8,1559,357
7,1559,329
10,1559,75
1,1560,146
6,1560,270
5,1560,39
5,1560,112
8,1561,411
3,1562,195
3,1563,195
5,1563,173
10,1563,408
9,1564,411
1,1564,218
5,1564,423
5,1564,166
1,1565,164
8,1565,397
5,1565,188
10,1565,160
9,1566,260
7,1566,78
2,1566,443
3,1567,319
1,1567,339
4,1567,236
10,1567,209
4,1568,442
4,1568,91
5,1569,33
5,1569,94
1,1569,478
10,1569,81
9,1569,464
7,1570,410
10,1570,222
5,1570,331
9,1570,391
8,1570,329
8,1571,318
5,1571,132
5,1571,385
1,1571,84
4,1572,118
5,1572,331
6,1572,233
4,1573,147
6,1574,317
2,1574,173
4,1574,341
4,1574,49
9,1574,312
10,1575,88
5,1575,241
6,1576,326
4,1576,458
10,1577,208
2,1577,324
1,1577,248
1,1577,457
8,1577,177
6,1578,391
10,1578,339
4,1578,360
5,1578,454
6,1579,10
4,1579,493
1,1580,289
9,1580,413
2,1580,140
2,1580,53
9,1581,340
9,1581,361
1,1581,236
5,1582,150
10,1583,185
3,1583,220
5,1583,62
10,1583,101
2,1584,206
7,1585,432
4,1585,117
2,1585,75
7,1585,298
1,1586,318
8,1586,483
2,1586,382
3,1587,372
5,1587,233
2,1587,317
5,1588,253
2,1588,342
5,1588,237
7,1588,435
6,1589,170
2,1589,485
2,1589,208
8,1589,395
6,1589,200
5,1590,268
5,1590,78
6,1590,39
4,1591,320
2,1591,446
9,1591,75
7,1592,61
7,1592,328
7,1592,433
5,1593,298
9,1593,333
1,1593,278
4,1594,102
10,1595,152
5,1595,476
4,1595,151
10,1595,358
2,1596,35
5,1596,44
6,1596,274
8,1596,288
1,1597,71
4,1597,170
10,1597,355
7,1598,29
9,1598,477
5,1598,64
7,1599,459
1,1599,189
5,1599,18
5,1599,481
10,1599,3
9,1600,491
6,1600,384
2,1600,102
3,1600,452
5,1600,435
4,1601,182
3,1602,277
9,1602,479
6,1602,6
8,1603,321
8,1603,75
4,1603,6
4,1604,240
3,1604,167
10,1604,64
8,1605,22
7,1605,428
7,1605,259
5,1605,94
2,1606,54
3,1606,116
6,1606,393
10,1606,167
7,1607,10
10,1608,224
2,1609,324
3,1609,52
6,1610,451
7,1611,147
4,1611,274
9,1611,68
6,1612,310
5,1612,301
4,1612,367
2,1612,437
10,1612,85
2,1613,409
3,1613,228
8,1613,370
9,1614,241
3,1614,90
4,1614,400
10,1614,190
4,1615,327
3,1615,171
1,1616,357
7,1616,109
3,1616,114
1,1616,283
8,1617,274
3,1617,126
2,1617,85
1,1617,337
7,1617,81
1,1618,242
8,1618,403
1,1619,308
6,1619,317
7,1619,152
7,1620,212
4,1620,290
5,1620,149
9,1620,478
4,1620,67
5,1621,48
9,1621,52
10,1621,40
5,1622,22
10,1622,354
7,1622,466
9,1622,258
3,1623,55
10,1623,483
7,1623,135
4,1623,78
8,1624,486
6,1624,133
4,1624,106
5,1625,364
1,1626,286
5,1626,200
10,1627,383
10,1627,226
8,1628,280
2,1628,361
9,1628,147
9,1628,158
4,1628,376
10,1629,404
3,1629,130
6,1630,379
3,1630,132
1,1630,499
8,1631,108
2,1631,21
2,1631,308
6,1632,218
3,1632,162
7,1632,346
4,1633,435
7,1633,99
3,1633,408
2,1633,21
8,1634,115
1,1634,190
2,1634,413
7,1634,37
9,1635,284
2,1636,386
7,1636,5
3,1636,261
4,1636,305
2,1636,484
5,1637,125
2,1637,159
3,1637,82
3,1638,100
7,1638,214
10,1638,461
2,1638,231
2,1639,470
1,1640,338
4,1640,225
3,1640,142
8,1640,44
4,1640,134
8,1641,149
10,1641,207
8,1642,226
9,1642,483
2,1642,340
3,1642,77
7,1643,203
1,1643,471
6,1644,77
2,1644,437
8,1644,395
5,1645,282
5,1645,475
9,1645,182
2,1646,474
10,1646,273
5,1646,3
5,1646,86
5,1647,103
5,1647,366
1,1648,68
4,1648,1
8,1648,215
9,1648,49
5,1649,59
1,1649,80
10,1649,462
10,1649,178
5,1649,257
10,1650,310
8,1650,497
1,1650,249
8,1651,131
5,1651,244
6,1651,330
5,1651,411
8,1651,128
10,1652,317
5,1652,95
5,1652,139
6,1652,400
6,1653,368
5,1653,201
9,1654,358
6,1655,377
5,1656,343
4,1656,197
2,1656,222
3,1657,269
5,1657,326
4,1657,377
5,1657,112
1,1658,44
1,1658,192
6,1658,243
10,1658,383
8,1658,353
2,1659,369
9,1659,345
8,1659,44
1,1660,310
9,1660,414
4,1660,408
9,1660,29
5,1661,340
10,1661,401
1,1662,61
6,1662,198
8,1662,491
8,1663,390
8,1664,341
8,1664,485
9,1664,4
9,1665,265
4,1665,113
9,1665,216
7,1665,195
10,1665,232
7,1666,466
5,1667,143
3,1667,28
10,1668,349
6,1668,224
4,1669,160
2,1670,382
4,1670,114
3,1670,419
6,1670,218
6,1670,306
10,1671,427
6,1671,496
7,1671,480
5,1672,384
4,1672,263
10,1672,101
6,1672,193
8,1672,390
7,1673,173
8,1674,87
5,1674,23
3,1675,378
4,1675,154
5,1675,287
10,1676,117
8,1676,349
9,1676,347
8,1676,496
7,1676,177
10,1677,198
3,1677,220
10,1678,471
4,1678,420
5,1679,65
3,1679,435
10,1679,271
10,1680,81
4,1680,427
4,1680,157
7,1681,228
2,1681,407
10,1681,166
3,1682,403
4,1682,398
3,1683,388
9,1683,71
6,1683,151
6,1683,289
4,1683,176
8,1684,26
7,1684,143
2,1684,28
6,1685,356
6,1685,433
9,1686,231
8,1686,451
10,1686,281
5,1687,390
2,1687,135
9,1687,238
2,1688,185
4,1688,255
2,1689,308
2,1689,488
8,1690,297
5,1690,20
2,1690,182
10,1690,259
5,1691,15
4,1691,95
8,1692,105
5,1693,305
8,1693,209
4,1693,376
5,1693,378
9,1694,432
6,1694,163
3,1694,409
8,1694,52
8,1694,72
5,1695,252
7,1695,478
4,1695,50
5,1696,76
8,1696,446
5,1696,129
6,1696,321
1,1697,214
6,1698,18
3,1698,55
2,1698,215
4,1698,127
10,1699,341
2,1699,72
7,1699,323
10,1699,67
8,1700,93
4,1700,104
2,1700,59
2,1701,123
1,1701,308
2,1701,21
3,1701,217
8,1702,386
5,1703,56
1,1703,15
2,1704,297
9,1704,37
10,1705,417
2,1706,380
2,1706,214
7,1707,494
7,1707,156
1,1707,220
7,1707,469
6,1708,439
2,1708,58
8,1708,326
1,1708,471
8,1708,70
1,1709,380
8,1709,101
7,1709,186
8,1709,267
1,1709,224
7,1710,158
1,1710,392
4,1710,183
6,1711,403
2,1711,420
1,1711,396
4,1711,319
2,1711,54
6,1712,148
5,1713,443
10,1713,413
5,1713,60
5,1714,26
9,1714,221
4,1714,110
2,1714,45
8,1715,307
4,1715,487
3,1716,153
9,1716,79
8,1717,168
2,1718,293
7,1718,496
7,1719,183
4,1720,440
9,1720,421
1,1721,420
4,1721,468
1,1722,242
6,1723,299
2,1724,330
8,1725,260
1,1725,133
2,1725,304
1,1726,50
1,1727,284
7,1728,141
3,1728,500
4,1728,190
3,1728,20
7,1729,331
9,1729,456
8,1729,291
3,1729,265
10,1730,361
7,1730,196
7,1730,275
3,1730,458
7,1731,258
1,1731,466
4,1731,6
5,1731,367
5,1732,475
3,1732,173
2,1732,177
3,1732,121
9,1732,232
10,1733,496
1,1733,241
6,1734,160
9,1734,243
4,1734,63
4,1734,426
10,1735,292
6,1735,138
6,1735,29
10,1736,100
9,1736,436
9,1736,311
7,1737,246
8,1737,98
3,1737,381
8,1737,470
9,1737,140
8,1738,445
9,1738,380
1,1738,356
4,1738,175
9,1739,324
10,1740,424
2,1740,95
8,1740,433
2,1740,202
10,1741,52
8,1741,170
8,1742,357
9,1742,405
1,1742,390
5,1742,116
3,1742,252
4,1743,380
8,1743,355
10,1743,376
6,1743,21
10,1743,319
6,1744,224
1,1744,184
8,1744,438
3,1745,230
4,1746,178
3,1746,353
3,1746,99
3,1746,371
9,1747,191
8,1747,318
6,1747,352
7,1747,345
9,1748,392
3,1748,134
3,1748,372
8,1749,10
1,1750,7
4,1750,497
8,1750,246
8,1751,224
3,1751,30
2,1751,114
1,1752,229
2,1753,145
10,1753,199
4,1754,450
6,1755,402
4,1755,55
10,1755,53
3,1755,432
2,1756,437
5,1756,90
8,1756,37
6,1756,393
9,1756,253
5,1757,362
4,1757,92
7,1758,270
8,1758,343
9,1759,368
10,1759,290
3,1760,331
10,1760,277
10,1760,212
5,1760,457
5,1761,188
2,1761,257
2,1761,140
7,1761,363
3,1761,58
6,1762,489
7,1762,399
7,1763,296
8,1764,428
1,1764,458
7,1765,200
5,1765,183
1,1766,193
10,1766,328
6,1766,206
8,1766,420
2,1766,473
6,1767,112
1,1767,12
2,1767,267
9,1767,89
8,1767,165
1,1768,338
5,1768,3
4,1768,183
6,1769,101
7,1769,6
5,1769,185
10,1769,93
6,1770,193
5,1770,357
1,1771,42
3,1771,63
4,1772,101
5,1772,239
3,1773,71
6,1773,253
8,1773,438
9,1773,167
6,1773,458
3,1774,451
2,1774,255
3,1775,391
8,1775,461
6,1775,249
6,1775,89
6,1776,133
5,1776,31
8,1776,346
2,1776,340
4,1776,352
9,1777,210
4,1777,188
3,1777,84
5,1777,7
9,1778,73
2,1779,15
3,1779,186
9,1779,84
3,1779,246
5,1780,169
5,1781,500
2,1781,461
9,1781,460
4,1782,455
5,1782,120
7,1783,267
5,1783,177
6,1783,86
1,1783,19
5,1783,369
6,1784,321
8,1785,210
3,1786,374
3,1787,231
5,1787,27
7,1787,159
1,1787,314
5,1787,387
7,1788,16
10,1788,194
6,1789,399
2,1789,77
9,1789,487
6,1789,268
6,1790,455
4,1791,368
6,1791,320
4,1791,385
9,1791,475
9,1792,212
8,1792,286
4,1792,405
5,1792,271
9,1793,401
2,1793,421
5,1793,17
6,1794,142
7,1794,384
1,1794,154
6,1794,12
5,1795,196
6,1795,427
5,1796,126
4,1796,340
6,1796,429
1,1796,432
7,1797,285
4,1798,446
9,1798,258
6,1798,138
1,1798,320
7,1798,136
2,1799,127
5,1799,476
10,1800,485
7,1800,133
8,1801,497
6,1801,437
9,1801,70
8,1801,255
8,1801,291
6,1802,83
10,1802,331
5,1802,330
10,1803,279
6,1803,171
5,1803,444
2,1803,494
10,1804,70
4,1804,433
3,1805,31
3,1806,455
10,1806,414
9,1806,75
2,1806,354
1,1807,5
5,1807,431
1,1807,124
2,1807,393
8,1808,312
5,1808,391
2,1808,341
3,1808,200
8,1809,91
10,1810,138
6,1810,98
6,1810,259
9,1810,205
10,1811,165
8,1811,225
2,1811,376
9,1811,460
1,1812,493
10,1812,58
6,1812,365
5,1812,98
6,1812,397
3,1813,177
7,1813,322
4,1813,28
2,1813,58
6,1813,480
9,1814,241
10,1815,460
5,1815,271
2,1815,486
3,1815,210
8,1815,353
4,1816,68
3,1817,368
4,1817,478
4,1818,208
9,1818,366
10,1818,222
4,1818,288
5,1819,93
8,1819,201
6,1819,101
2,1820,167
5,1820,390
8,1820,340
4,1820,459
9,1820,403
7,1821,431
4,1821,482
6,1821,101
8,1821,126
2,1821,225
10,1822,11
6,1822,125
7,1822,50
3,1822,112
7,1822,361
5,1823,103
1,1823,153
10,1823,225
6,1823,198
7,1824,391
10,1825,126
7,1826,10
9,1826,166
8,1827,194
1,1827,403
6,1828,198
5,1828,276
6,1828,446
1,1829,292
2,1830,70
2,1831,92
1,1832,319
4,1832,486
9,1832,318
2,1832,86
8,1833,59
2,1833,110
9,1834,142
3,1834,470
7,1834,301
4,1835,36
5,1835,328
1,1835,466
7,1835,11
6,1836,201
9,1836,38
5,1837,148
7,1837,75
9,1837,99
2,1838,217
1,1839,480
2,1840,246
1,1840,129
5,1840,286
2,1840,122
8,1841,57
9,1841,135
8,1841,339
2,1841,352
1,1842,441
3,1842,346
5,1842,372
10,1843,354
2,1843,175
1,1844,288
1,1844,218
7,1844,298
2,1844,141
8,1845,173
7,1845,272
2,1846,253
2,1846,267
2,1846,25
2,1846,195
5,1846,470
5,1847,364
10,1848,64
5,1849,55
10,1849,381
7,1849,77
5,1850,472
6,1850,253
3,1850,215
5,1850,358
6,1850,227
1,1851,399
9,1851,303
8,1851,363
8,1852,81
3,1853,256
1,1853,127
3,1853,497
5,1854,20
2,1854,410
7,1854,332
9,1854,223
6,1854,94
5,1855,36
7,1856,155
5,1856,152
5,1857,377
5,1857,126
7,1857,302
8,1858,500
8,1858,473
8,1858,472
3,1859,307
10,1860,349
8,1860,173
4,1860,486
9,1860,322
6,1860,120
10,1861,241
6,1861,226
9,1861,9
8,1861,475
5,1862,25
7,1862,424
1,1862,453
6,1862,149
9,1862,2
8,1863,100
7,1863,267
6,1863,70
3,1863,182
3,1863,274
7,1864,344
6,1864,307
2,1865,331
8,1865,132
3,1865,227
9,1865,114
4,1865,169
1,1866,202
3,1866,178
9,1866,55
10,1867,174
9,1867,91
1,1867,312
3,1867,102
8,1868,164
3,1868,231
8,1868,356
5,1868,118
1,1868,78
3,1869,227
10,1869,433
7,1870,406
3,1870,80
8,1870,56
7,1871,21
10,1871,182
8,1871,179
6,1871,113
1,1871,469
7,1872,43
3,1872,433
4,1872,249
1,1872,381
8,1872,463
6,1873,313
3,1873,469
5,1874,41
3,1874,487
7,1875,255
6,1875,313
7,1875,97
5,1875,465
1,1875,497
6,1876,19
3,1876,22
6,1876,457
7,1877,267
10,1877,318
8,1877,43
3,1877,45
8,1878,223
6,1879,262
9,1879,466
6,1880,4
4,1880,268
6,1880,67
5,1881,224
4,1881,315
10,1881,417
8,1882,351
1,1882,33
1,1883,415
6,1883,335
5,1884,214
5,1884,450
7,1885,2
8,1885,28
1,1885,438
2,1885,347
7,1886,199
8,1886,324
7,1887,266
2,1887,365
3,1887,353
1,1887,88
2,1888,488
9,1888,347
8,1889,406
2,1889,415
4,1889,281
7,1889,21
6,1890,74
6,1890,412
9,1890,390
3,1890,287
5,1891,180
8,1891,164
3,1891,408
1,1892,9
9,1892,182
2,1893,98
4,1893,46
9,1893,398
1,1894,233
4,1894,202
5,1894,269
8,1895,53
4,1895,392
6,1896,107
10,1896,253
10,1897,338
10,1897,120
2,1897,202
5,1897,317
6,1898,403
7,1898,414
5,1898,96
7,1898,88
10,1898,294
1,1899,192
3,1899,203
10,1899,109
6,1899,321
8,1900,231
4,1900,285
7,1900,141
6,1900,76
10,1901,51
5,1901,106
3,1901,307
2,1902,198
4,1902,213
6,1902,393
6,1903,12
3,1904,391
9,1904,300
7,1904,170
7,1905,407
6,1906,1
7,1906,88
2,1906,99
1,1906,208
6,1906,128
5,1907,362
5,1907,48
6,1907,177
9,1907,183
3,1907,47
3,1908,455
7,1908,340
2,1908,128
6,1908,353
8,1908,21
4,1909,187
10,1910,391
4,1911,416
4,1911,435
7,1912,398
3,1912,206
3,1912,306
4,1913,294
2,1914,345
6,1914,266
10,1914,360
4,1915,456
7,1915,100
5,1915,143
9,1915,80
7,1915,240
6,1916,331
8,1916,337
7,1916,288
7,1916,275
1,1917,277
7,1918,345
5,1918,4
9,1918,232
8,1918,273
8,1919,155
4,1919,317
10,1919,6
3,1919,20
5,1919,480
3,1920,292
6,1920,27
8,1920,112
10,1920,3
4,1921,410
7,1921,4
8,1921,353
2,1921,424
10,1922,345
5,1922,474
4,1922,484
10,1922,322
5,1923,375
3,1923,308
6,1923,29
8,1923,329
3,1923,213
8,1924,124
7,1924,368
10,1924,92
7,1924,426
4,1925,174
3,1925,17
5,1926,247
6,1926,477
6,1926,351
5,1926,220
4,1926,200
1,1927,448
4,1927,73
4,1927,495
8,1927,475
8,1928,40
9,1928,56
10,1928,422
10,1928,156
5,1929,37
10,1930,463
5,1930,235
8,1930,451
2,1930,441
10,1930,212
9,1931,492
2,1932,477
6,1933,378
2,1933,47
5,1933,294
2,1934,447
8,1934,90
3,1934,187
8,1935,252
1,1935,479
5,1935,176
4,1936,189
2,1936,313
9,1936,167
10,1937,96
8,1938,278
9,1938,174
4,1939,463
1,1939,354
9,1940,469
10,1941,46
4,1941,303
4,1941,220
2,1942,143
4,1942,127
8,1942,497
9,1942,183
5,1943,115
9,1943,181
3,1943,428
5,1943,372
5,1944,45
10,1944,310
6,1944,38
2,1945,30
7,1945,428
1,1945,181
4,1946,432
10,1946,423
2,1946,451
6,1946,174
5,1946,242
10,1947,226
3,1947,202
4,1947,285
8,1947,166
4,1947,300
3,1948,278
5,1948,240
1,1949,128
8,1950,247
7,1950,329
9,1950,118
7,1950,151
6,1951,152
8,1952,30
9,1952,234
8,1953,497
4,1953,327
5,1953,169
6,1954,132
6,1954,98
1,1955,367
5,1956,243
10,1956,354
2,1957,235
5,1957,35
2,1957,477
4,1957,38
7,1958,4
6,1958,88
1,1958,161
2,1958,489
2,1959,481
1,1959,412
9,1959,473
3,1960,162
3,1960,414
1,1960,379
8,1961,356
5,1961,371
4,1961,336
1,1962,406
7,1962,231
4,1962,331
9,1962,236
10,1962,103
6,1963,254
8,1964,131
2,1965,78
2,1965,328
3,1965,60
1,1966,314
1,1967,195
4,1967,382
10,1967,199
6,1967,434
8,1967,457
1,1968,145
1,1968,458
8,1968,359
7,1968,441
8,1969,136
9,1970,393
2,1971,351
8,1971,197
1,1971,187
7,1972,5
10,1972,349
3,1972,433
6,1972,250
5,1973,140
6,1973,415
8,1973,471
2,1973,17
5,1974,41
4,1975,395
8,1975,386
1,1975,222
2,1975,46
1,1976,112
2,1977,456
7,1977,427
3,1977,58
7,1978,410
7,1979,250
1,1980,31
6,1980,473
4,1981,326
4,1981,386
10,1981,222
5,1982,150
5,1982,5
9,1982,482
10,1982,238
3,1982,100
2,1983,168
5,1983,222
1,1984,299
7,1984,138
7,1984,50
4,1984,235
2,1984,63
10,1985,35
6,1985,191
8,1985,262
10,1985,354
5,1985,11
3,1986,332
7,1986,51
2,1986,89
6,1986,88
10,1987,149
6,1987,7
6,1987,474
5,1987,164
5,1987,65
8,1988,38
10,1988,128
9,1988,53
6,1988,336
5,1989,157
7,1990,133
6,1990,357
1,1991,18
3,1991,165
1,1992,45
6,1992,134
4,1993,407
1,1994,464
5,1994,218
9,1994,85
5,1994,459
2,1995,10
7,1995,141
2,1996,498
5,1996,424
8,1996,291
2,1997,486
2,1997,393
9,1997,323
2,1998,274
5,1998,110
4,1999,146
5,2000,200
10,2000,299
